protein_id,gene,ko,vOTU_id,contig_id,contig_length_bp,n_orfs_on_contig,genomad_n_genes,gene_position,orf_start_bp,orf_end_bp,strand,checkv_quality_code,checkv_quality,checkv_completeness_pct,checkv_completeness_method,checkv_contamination_pct,checkv_provirus,genomad_virus_score,genomad_n_hallmarks,genomad_marker_enrichment,genomad_topology,virsorter2_score,virsorter2_group,virsorter2_category,taxonomy,host_genus,host_genus_confidence,host_genome_taxonomy,orfs_to_nearest_end,bp_to_nearest_end,is_terminal_orf,on_contig_edge,n_orfs_left,n_orfs_right,viral_genes_left,viral_genes_right,hallmark_genes_left,hallmark_genes_right,hallmark_ids_left,hallmark_ids_right,nearest5_left,nearest5_right,local_window_n_orfs,local10_hypothetical_fraction,contig_hypothetical_fraction,dramv_is_transposon,dramv_virsorter_category_orf,dramv_auxiliary_score,dramv_amg_flags,n_mge_orfs_on_contig,mobile_element_signals,cand_anno,outside_prophage_boundary_indication,verdict_viral_origin,verdict_basis
FCH3CGLCCXYL4FAA_NODE_182_13,rfbA,K00973,vOTU0199,FCH3CGLCCXYL4FAA_NODE_182,12071,16,15,13,9023,9898,-1,4.0,code 4 (consistent with 'Low-quality'; inferred),6.75,AAI-based (medium-confidence),0.0,No,0.9764,2,22.3032,No terminal repeats,1.0,dsDNAphage,1,Duplodnaviria;Heunggongvirae;Uroviricota;Caudoviricetes,none assigned,,none assigned,3,2173,False,False,12,3,8,2,1,0,pos1:YP_010114492.1 endolysin [Flavobacterium,none,"8[vir,hyp]; 9[vir,hyp]; 10[vir]; 11[vir,hyp]; 12[vir]","14[vir]; 15[vir,hyp]; 16[hyp]",9,0.556,0.688,0,1,2,F,0,none detected (DRAM-v is_transposon=0 for all ORFs on contig),unknown function | YP_009987270.1 glucose-1-phosphate thymid,"CheckV provirus=No on all 16 carrier contigs, so CheckV produced no provirus/host-boundary coordinates; the coordinate-based 'outside prophage boundary' test could not be performed. VirSorter2 category encoding is not defined in the supplied files, so no partial/host-derived inference is drawn from it. No positive indication: internal (13/16, 2,173 bp from end), endolysin hallmark on the left flank and a phage glycan-modification module immediately adjacent.",supported,"12,071 bp, 16 ORFs, geNomad 0.976 with 2 hallmarks and marker enrichment 22.3, VS2 1.000 cat 1, CheckV code 4 / 6.75%. ORF at 13/16, 2,173 bp from the nearest end. Left flank 8 viral-DB ORFs including a localisable endolysin hallmark at pos1; right flank 2 viral-DB ORFs. The immediate neighbourhood is a coherent phage glycan-modification module - pos12 NAD-dependent epimerase/dehydratase (Cedratvirus), pos14 nucleotide-sugar epimerase (Dompiswa phage TSP7_1), pos10 cytidyltransferase (Pelagibacter phage HTVC008M) - and the surrounding ORFs best-match Synechococcus and Flavobacterium phages. No MGE ORF on the contig; DRAM-v is_transposon=0 and auxiliary score 2. Caveat: 68.8% of the contig is hypothetical and CheckV completeness is 6.75%, so the contig is a fragment of a larger genome."
TARATASF_NODE_410_3,rfbA,K00973,vOTU0734,TARATASF_NODE_410,5767,8,8,3,974,1720,-1,5.0,code 5 (consistent with 'Not-determined'; inferred),,,0.0,No,0.9049,0,5.0848,No terminal repeats,0.973,NCLDV,2,Duplodnaviria;Heunggongvirae;Uroviricota;Caudoviricetes,d__Bacteria;p__Cyanobacteriota;c__Vampirovibrionia;o__Gastranaerophilales;f__Gastranaerophilaceae;g__UMGS1585,78.5,d__Bacteria;p__Cyanobacteriota;c__Vampirovibrionia;o__Gastranaerophilales;f__Gastranaerophilaceae;g__CAG-196;s__CAG-196 sp002102975,2,973,False,True,2,5,2,5,0,0,none,none,"1[vir,hyp]; 2[vir]","4[vir]; 5[vir]; 6[vir]; 7[vir,MGE]; 8[vir,MGE]",8,0.125,0.125,0,1,3,F,2,"pos7 7 MGE:NP_612875.1 integrase [Clostridium phage phi3 (d=+4 ORFs, 2005 bp) | pos8 8 MGE:NP_612875.1 integrase [Clostridium phage phi3 (d=+5 ORFs, 2796 bp) | pos7 recomb-nuclease(not MGE):NP_612875.1 integrase [Clostridium phage (d=+4 ORFs)",YP_010097799.1 hypothetical protein KNU05_gp096 [Synechococc,"CheckV provirus=No on all 16 carrier contigs, so CheckV produced no provirus/host-boundary coordinates; the coordinate-based 'outside prophage boundary' test could not be performed. VirSorter2 category encoding is not defined in the supplied files, so no partial/host-derived inference is drawn from it. POSITIVE INDICATION of a prophage-junction context: two phage-integrase ORFs at positions 7-8 (contig end), lysogenic/temperate lifestyle calls, 0 geNomad hallmarks, no CheckV completeness estimate at all. Candidate is 973 bp from the terminus. Boundary cannot be placed, so inside/outside is undetermined.",partly supported,"Shared contig with TARATASF_NODE_410_4 (adjacent ORFs). 5,767 bp, only 8 ORFs; CheckV returned quality code 5 with NO completeness estimate and no completeness method, so no CheckV completeness evidence exists for this carrier at all. It has the LOWEST geNomad score of the 16 carriers (0.9049), 0 hallmarks and the lowest marker enrichment (5.08). Two integrase ORFs occupy positions 7 and 8 at the contig end (best hit Clostridium phage phi3626 integrase; 'site-specific recombinase, phage integrase family'), 4 and 5 ORFs from the candidate, and VIBRANT/BACPHLIP both call the contig lysogenic/temperate - a prophage-junction context whose boundary cannot be located because CheckV called provirus=No. The candidate is at position 3/8, 973 bp from the terminus. All flanking ORFs do carry phage RefSeq best hits (2 left, 5 right) and the contig hypothetical fraction is low (0.125), but every hit in the flanks is a 'hypothetical protein' from a Synechococcus phage - no hallmark, no identifiable structural or replication module. VS2 0.973 but group 'NCLDV', inconsistent with the Caudoviricetes taxonomy. DRAM-v auxiliary score 3."
TARATASF_NODE_410_4,rfbA,K00973,vOTU0734,TARATASF_NODE_410,5767,8,8,4,1725,2441,-1,5.0,code 5 (consistent with 'Not-determined'; inferred),,,0.0,No,0.9049,0,5.0848,No terminal repeats,0.973,NCLDV,2,Duplodnaviria;Heunggongvirae;Uroviricota;Caudoviricetes,d__Bacteria;p__Cyanobacteriota;c__Vampirovibrionia;o__Gastranaerophilales;f__Gastranaerophilaceae;g__UMGS1585,78.5,d__Bacteria;p__Cyanobacteriota;c__Vampirovibrionia;o__Gastranaerophilales;f__Gastranaerophilaceae;g__CAG-196;s__CAG-196 sp002102975,3,1724,False,False,3,4,3,4,0,0,none,none,"1[vir,hyp]; 2[vir]; 3[vir]","5[vir]; 6[vir]; 7[vir,MGE]; 8[vir,MGE]",8,0.125,0.125,0,1,3,F,2,"pos7 7 MGE:NP_612875.1 integrase [Clostridium phage phi3 (d=+3 ORFs, 1284 bp) | pos8 8 MGE:NP_612875.1 integrase [Clostridium phage phi3 (d=+4 ORFs, 2075 bp) | pos7 recomb-nuclease(not MGE):NP_612875.1 integrase [Clostridium phage (d=+3 ORFs)",unknown function | YP_009322617.1 nucleoside-diphosphate-sug,"CheckV provirus=No on all 16 carrier contigs, so CheckV produced no provirus/host-boundary coordinates; the coordinate-based 'outside prophage boundary' test could not be performed. VirSorter2 category encoding is not defined in the supplied files, so no partial/host-derived inference is drawn from it. POSITIVE INDICATION of a prophage-junction context, identical to TARATASF_NODE_410_3 (same contig): phage integrases at positions 7-8, lysogenic/temperate calls, 0 hallmarks, no CheckV completeness estimate. Candidate at 1,724 bp from the terminus.",partly supported,"Same 5,767 bp / 8-ORF contig as TARATASF_NODE_410_3 and adjacent to it; all contig-level limitations apply identically - no CheckV completeness estimate (quality code 5), lowest geNomad score of the set (0.9049), 0 hallmarks, lowest marker enrichment (5.08), two phage-integrase ORFs at positions 7-8 (3 and 4 ORFs away) and a lysogenic/temperate lifestyle call, with no provirus coordinates available to place the phage/host boundary. Position 4/8, 1,724 bp from the nearest end, 3 viral-DB ORFs left and 4 right, all 'hypothetical protein' level, no hallmark localisable. The two rfbA-region ORFs sit next to a nucleoside-diphosphate-sugar pyrophosphorylase (pos4 candidate itself), HAD-superfamily hydrolase (pos5) and glycosyltransferase/phospholipase (pos6), i.e. a plausible sugar-modification block, but nothing in this neighbourhood is virus-diagnostic. DRAM-v auxiliary score 3."
FCH3CGLCCXYL4FAA_NODE_227_12,RNR,K00525,vOTU0239,FCH3CGLCCXYL4FAA_NODE_227,10864,13,12,12,8857,10617,-1,4.0,code 4 (consistent with 'Low-quality'; inferred),26.11,AAI-based (high-confidence),0.0,No,0.9834,5,19.8985,No terminal repeats,1.0,dsDNAphage,1,Duplodnaviria;Heunggongvirae;Uroviricota;Caudoviricetes;[Order]_Autographiviridae;Autographiviridae,d__Bacteria;p__Bacteroidota;c__Bacteroidia;o__Flavobacteriales;f__Flavobacteriaceae;g__Xanthomarina,87.3,d__Bacteria;p__Bacteroidota;c__Bacteroidia;o__Flavobacteriales;f__Flavobacteriaceae;g__Psychroserpens;s__Psychroserpens sp023556315,1,247,False,True,11,1,9,1,6,0,pos1:YP_010761244.1 tail protein [uncultured ; pos2:unknown function | YP_007517839.1 tail p; pos4:head-tail adaptor | connector | YP_00977; pos7:YP_010761240.1 head assembly [uncultured; pos8:YP_007517835.1 head-to-tail joining prot; pos10:internal virion protein | head and packa,none,"7[HALL,vir]; 8[HALL,vir]; 9[hyp]; 10[HALL,vir]; 11[vir]",13[vir],7,0.143,0.154,0,1,2,MKEF,0,none detected (DRAM-v is_transposon=0 for all ORFs on contig),YP_007517830.1 ribonucleoside-diphosphate reductase large su,"CheckV provirus=No on all 16 carrier contigs, so CheckV produced no provirus/host-boundary coordinates; the coordinate-based 'outside prophage boundary' test could not be performed. VirSorter2 category encoding is not defined in the supplied files, so no partial/host-derived inference is drawn from it. Weak indication only from position: penultimate ORF, 247 bp from the contig end, right flank is a single ORF. Left flank is an intact head-packaging module, so no host-like region is implied.",supported,"geNomad 0.983 with 5 hallmarks and marker enrichment 19.9; VS2 1.000 cat 1; taxonomy Autographiviridae; CheckV code 4 / 26.11% (AAI high-confidence). The ORF is penultimate (12/13) and only 247 bp from the contig end, so the right flank is a single ORF - flanking evidence on that side is intrinsically limited. The left flank is nonetheless decisive: 9 viral-DB ORFs with 6 localisable hallmarks forming an intact Autographiviridae head-packaging module (tail protein, tail tubular gp11, major head protein/head-tail adaptor, head assembly/scaffold, portal/head-to-tail joining, internal virion protein), and the immediate left neighbour (pos11) is the ribonucleotide-reductase small subunit, i.e. the canonical nrdB partner. No MGE on the contig. DRAM-v auxiliary score 2."
FCH3CGLCCXYL4FAA_NODE_34_16,RNR,K00525,vOTU0047,FCH3CGLCCXYL4FAA_NODE_34,30723,26,26,16,21646,23577,1,4.0,code 4 (consistent with 'Low-quality'; inferred),19.03,AAI-based (medium-confidence),0.0,No,0.9374,3,21.2037,No terminal repeats,0.993,dsDNAphage,1,Duplodnaviria;Heunggongvirae;Uroviricota;Caudoviricetes,none assigned,,none assigned,10,7146,False,False,15,10,12,7,5,0,"pos5:YP_007006119.1 terminase large subunit [; pos6:tail protein | tail | YP_010419861.1 hyp; pos7:YP_007006124.1 virion structural protein; pos8:unknown function | YP_007006125.1 virion; pos11:replication protein | DNA, RNA and nucle",none,"11[HALL,vir]; 12[vir,hyp]; 13[hyp]; 14[vir]; 15[vir]",17[vir]; 18[vir]; 19[vir]; 20[hyp]; 21[hyp],11,0.364,0.423,0,1,2,MKE,0,pos24 'plasmid' only in Pfam domain name:YP_007006150.1 DNA primase [Cyanophage S-TIM5 (d=+8 ORFs) | pos25 'plasmid' only in Pfam domain name:YP_007006151.1 hypothetical protein F417_gp07 (d=+9 ORFs),unknown function | YP_007006137.1 ribonucleoside-diphosphate,"CheckV provirus=No on all 16 carrier contigs, so CheckV produced no provirus/host-boundary coordinates; the coordinate-based 'outside prophage boundary' test could not be performed. VirSorter2 category encoding is not defined in the supplied files, so no partial/host-derived inference is drawn from it. No positive indication: internal (16/26, 7,146 bp from end), hallmark-bearing structural module on the left flank.",supported,"geNomad 0.937 (3 hallmarks, marker enrichment 21.2), VS2 0.993 cat 1, CheckV code 4 / 19.03%. ORF at 16/26, 7,146 bp from the nearest end. Left flank 12 viral-DB ORFs with 5 localisable hallmarks (terminase large subunit pos5, tail protein pos6, virion structural/packaging pos7 and pos8, tail fibre pos11); right flank 7 viral-DB ORFs, no localisable hallmark. Immediate neighbours form a canonical phage nucleotide-metabolism block, nearly all best-matching Cyanophage S-TIM5: NrdB (RNR small subunit) pos14, HNH endonuclease pos15, dUTPase pos17, anti-termination Q-like pos18, HNH pos19. No MGE: the only 'plasmid' string on the contig is inside the Pfam domain name 'Phage/plasmid primase, P4 family' (pos24, pos25), which is a domain label and not a plasmid signal. DRAM-v auxiliary score 2."
FCH3CGLCCXYL4FAA_NODE_354_7,RNR,K00525,vOTU0359,FCH3CGLCCXYL4FAA_NODE_354,8654,17,17,7,3268,5052,-1,4.0,code 4 (consistent with 'Low-quality'; inferred),9.29,AAI-based (high-confidence),0.0,No,0.9776,3,15.7093,No terminal repeats,0.933,dsDNAphage,2,Duplodnaviria;Heunggongvirae;Uroviricota;Caudoviricetes,d__Bacteria;p__Pseudomonadota;c__Gammaproteobacteria;o__Enterobacterales_A;f__Vibrionaceae;g__Vibrio,91.8,d__Bacteria;p__Pseudomonadota;c__Gammaproteobacteria;o__Enterobacterales_A;f__Vibrionaceae;g__Vibrio;s__Vibrio sinensis,6,3267,False,False,6,10,3,4,0,0,none,none,2[vir]; 3[vir]; 4[vir]; 5[hyp]; 6[hyp],"8[hyp]; 9[vir]; 10[hyp]; 11[hyp]; 12[vir,hyp]",11,0.545,0.647,0,1,3,MKEF,0,none detected (DRAM-v is_transposon=0 for all ORFs on contig),baseplate hub subunit and tail lysozyme | tail | YP_00904671,"CheckV provirus=No on all 16 carrier contigs, so CheckV produced no provirus/host-boundary coordinates; the coordinate-based 'outside prophage boundary' test could not be performed. VirSorter2 category encoding is not defined in the supplied files, so no partial/host-derived inference is drawn from it. No positive indication from position (7/17, 3,267 bp from end); however no hallmark is localisable to either flank and 54.5% of the local window is unannotated, so a viral neighbourhood is not positively demonstrated either.",partly supported,"Contig-level calls are positive (geNomad 0.978 with 3 hallmarks, VS2 0.933 cat 2, host Vibrio 91.8%) but CheckV completeness is 9.29% on an 8,654 bp contig. ORF at 7/17, 3,267 bp from the nearest end - internal position is fine. However no hallmark gene could be localised to either flank from the joined annotations (3 viral-DB ORFs left, 4 right), 54.5% of the 11-ORF window is hypothetical/unannotated, and the flanking viral-DB hits are diffuse (homing endonuclease, iridovirus 376L, 2OG-Fe(II) oxygenase, DNA primase) rather than a coherent phage module. Annotation of the candidate itself is internally contradictory: PHROG calls it 'baseplate hub subunit and tail lysozyme' at 48 bits / 15.3% identity while DRAM-v, VOGDB and eggNOG all call ribonucleotide reductase. DRAM-v auxiliary score 3. Note geNomad reports 3 hallmarks contig-wide that I could not localise (see limitations)."
FCH3CGLCCXYL4FAA_NODE_4_40,RNR,K00525,vOTU0014,FCH3CGLCCXYL4FAA_NODE_4,55150,58,59,40,44184,45914,-1,3.0,code 3 (consistent with 'Medium-quality'; inferred),85.47,AAI-based (high-confidence),0.0,No,0.9778,2,87.7287,No terminal repeats,0.993,dsDNAphage,1,Duplodnaviria;Heunggongvirae;Uroviricota;Caudoviricetes,d__Bacteria;p__Pseudomonadota;c__Gammaproteobacteria;o__Burkholderiales;f__Nitrosomonadaceae;g__GCA-2721545,88.4,d__Bacteria;p__Bacteroidota;c__Bacteroidia;o__Flavobacteriales;f__Flavobacteriaceae;g__Patiriisocius;s__Patiriisocius sp018656255,18,9236,False,False,39,18,17,12,9,1,pos1:YP_009174463.1 long tail fiber protein d; pos24:unknown function | YP_010109072.1 termin; pos25:YP_010108897.1 portal protein [Flavobact; pos27:YP_010109167.1 virion structural protein; pos29:YP_010109077.1 virion structural protein; pos30:YP_010108902.1 virion structural protein; pos31:unknown function | YP_008241478.1 virion; pos32:YP_010356533.1 virion structural protein; pos38:YP_010112541.1 endolysin [uncultured pha,pos44:holin | lysis,"35[vir,hyp]; 36[hyp]; 37[hyp]; 38[HALL,vir]; 39[hyp]","41[hyp]; 42[vir]; 43[-]; 44[HALL,vir]; 45[hyp]",11,0.545,0.517,0,1,2,MKE,0,pos46 recomb-nuclease(not MGE):YP_010112561.1 Holliday junction resolva (d=+6 ORFs),YP_010114422.1 ribonucleotide reductase [Flavobacterium phag,"CheckV provirus=No on all 16 carrier contigs, so CheckV produced no provirus/host-boundary coordinates; the coordinate-based 'outside prophage boundary' test could not be performed. VirSorter2 category encoding is not defined in the supplied files, so no partial/host-derived inference is drawn from it. No positive indication: internal (40/58, 9,236 bp from end) within a near-complete (85.5%) genome with hallmarks on both flanks.",supported,"Strongest contig of the RNR set: 55,150 bp, CheckV code 3 / 85.47% complete (AAI high-confidence), 0% contamination, provirus=No; geNomad 0.978 with marker enrichment 87.7 (highest of the 16); VS2 0.993 cat 1. ORF at 40/58, 9,236 bp from the nearest end. Left flank 17 viral-DB ORFs with 9 localisable hallmarks (long tail fibre pos1, terminase large subunit pos24, portal pos25, virion structural proteins pos27-32, endolysin pos38); right flank 12 viral-DB ORFs with a holin at pos44. Immediate right neighbour pos42 is the ribonucleoside reductase beta chain - the canonical nrdAB pairing - and pos43 carries a deoxyribonucleotide-biosynthesis annotation. No MGE ORF on the contig (the pos46 Holliday-junction resolvase is a phage recombination nuclease). DRAM-v auxiliary score 2."
FCH3CGLCCXYL4FAA_NODE_682_2,RNR,K00525,vOTU0641,FCH3CGLCCXYL4FAA_NODE_682,6198,10,10,2,247,2004,-1,4.0,code 4 (consistent with 'Low-quality'; inferred),16.11,AAI-based (high-confidence),0.0,No,0.9825,2,14.8259,No terminal repeats,0.987,dsDNAphage,2,Duplodnaviria;Heunggongvirae;Uroviricota;Caudoviricetes,none assigned,,none assigned,1,246,False,True,1,8,1,4,0,0,none,none,"1[vir,hyp]",3[hyp]; 4[vir]; 5[hyp]; 6[vir]; 7[hyp],7,0.571,0.5,0,1,3,MKEF,0,none detected (DRAM-v is_transposon=0 for all ORFs on contig),YP_010672537.1 ribonucleotide reductase [Vibrio phage Vp_R1],"CheckV provirus=No on all 16 carrier contigs, so CheckV produced no provirus/host-boundary coordinates; the coordinate-based 'outside prophage boundary' test could not be performed. VirSorter2 category encoding is not defined in the supplied files, so no partial/host-derived inference is drawn from it. Weak indication from position: 2nd of 10 ORFs, 246 bp from the contig end; left flank is a single 'unknown function' ORF.",partly supported,"Short carrier: 6,198 bp, 10 ORFs, CheckV code 4 / 16.11%. The ORF is the second gene on the contig and 246 bp from the terminus, so the left flank consists of one ORF whose only annotation is PHROG 'unknown function' - it contributes no positional information. Contig-level calls are positive (geNomad 0.983 with 2 hallmarks, VS2 0.987 cat 2) and the right flank has 4 viral-DB ORFs (nucleotide kinase pos4, Pseudomonas-phage hypothetical pos6), but no hallmark gene is localisable on either side and 57.1% of the 7-ORF window is hypothetical/unannotated. Flanking evidence is intrinsically limited by contig length. DRAM-v auxiliary score 3."
FCH3CGLCCXYL4FAA_NODE_712_8,RNR,K00525,vOTU0666,FCH3CGLCCXYL4FAA_NODE_712,6064,12,12,8,3082,4836,-1,4.0,code 4 (consistent with 'Low-quality'; inferred),6.53,AAI-based (high-confidence),0.0,No,0.9829,3,14.5426,No terminal repeats,0.98,dsDNAphage,2,Duplodnaviria;Heunggongvirae;Uroviricota;Caudoviricetes,none assigned,,none assigned,4,1228,False,False,7,4,1,2,0,0,none,none,3[hyp]; 4[hyp]; 5[vir]; 6[hyp]; 7[hyp],9[vir]; 10[hyp]; 11[vir]; 12[hyp],10,0.6,0.667,0,1,3,MKEF,0,none detected (DRAM-v is_transposon=0 for all ORFs on contig),YP_010761233.1 ribonucleoside-diphosphate reductase large su,"CheckV provirus=No on all 16 carrier contigs, so CheckV produced no provirus/host-boundary coordinates; the coordinate-based 'outside prophage boundary' test could not be performed. VirSorter2 category encoding is not defined in the supplied files, so no partial/host-derived inference is drawn from it. No positional indication (8/12, 1,228 bp from end); flanks sparse and hallmark-free, so neither inside nor outside a phage region is established.",partly supported,"Short carrier: 6,064 bp, 12 ORFs, CheckV code 4 / 6.53%, vOTU unclassified by vConTACT. ORF at 8/12, 1,228 bp from the nearest end. Contig-level calls positive (geNomad 0.983 with 3 hallmarks, VS2 0.980 cat 2). Flanks are sparse: 1 viral-DB ORF left (pos5, itself an RNR-diphosphate reductase hit), 2 right (nucleotide kinase pos9, endodeoxyribonuclease I pos11); no hallmark localisable either side and 60.0% of the 11-ORF window is hypothetical/unannotated - the highest local hypothetical fraction among the RNR carriers. Phage-typical function on the right flank is real but thin, and the contig is too short for flanking evidence to be decisive. DRAM-v auxiliary score 3."
FCH3CGLCCXYL4FAA_NODE_874_7,RNR,K00525,vOTU0805,FCH3CGLCCXYL4FAA_NODE_874,5519,10,11,7,3282,5012,1,4.0,code 4 (consistent with 'Low-quality'; inferred),11.9,AAI-based (high-confidence),0.0,No,0.9833,1,15.3819,No terminal repeats,0.987,dsDNAphage,2,Duplodnaviria;Heunggongvirae;Uroviricota;Caudoviricetes,none assigned,,none assigned,3,507,False,True,6,3,4,1,0,0,none,none,2[vir]; 3[vir]; 4[vir]; 5[-]; 6[vir],8[-]; 9[vir]; 10[hyp],9,0.111,0.1,0,1,3,MKEF,0,pos3 recomb-nuclease(not MGE):YP_010670782.1 RusA-like Holliday juncti (d=-4 ORFs),unknown function | YP_223938.1 ribonucleotide reductase [Alp,"CheckV provirus=No on all 16 carrier contigs, so CheckV produced no provirus/host-boundary coordinates; the coordinate-based 'outside prophage boundary' test could not be performed. VirSorter2 category encoding is not defined in the supplied files, so no partial/host-derived inference is drawn from it. Weak indication from position: 507 bp from the contig end on a 5,519 bp contig; flanking ORFs on both sides nonetheless all carry phage RefSeq best hits.",supported,"Short contig (5,519 bp, 10 ORFs, CheckV code 4 / 11.90%) and the ORF is 507 bp from the nearest end, so flanking evidence is intrinsically limited - but it is unusually dense: the contig hypothetical fraction is 0.100 and the local fraction 0.111, the lowest of all 17, and every other ORF except pos5/pos8/pos10 has a phage RefSeq best hit. The immediate neighbourhood is a coherent phage DNA-metabolism block: Cas4-domain exonuclease pos2, RusA-like Holliday-junction resolvase pos3, metallo-dependent phosphatase pos4, nucleotide pyrophosphohydrolase pos6, nucleotide kinase pos9, all best-matching Synechococcus/Lentibacter/Rheinheimera phages. geNomad 0.983 (1 hallmark), VS2 0.987 cat 2, no MGE ORF. Caveat: no hallmark gene is localisable to either flank, and no independent test of contig completeness is possible at 11.9%. DRAM-v auxiliary score 3."
FCH3CGLCCXYL4FAA_NODE_8_6,RNR,K00525,vOTU0020,FCH3CGLCCXYL4FAA_NODE_8,46630,46,49,6,2569,4212,-1,4.0,code 4 (consistent with 'Low-quality'; inferred),34.06,AAI-based (medium-confidence),0.0,No,0.9705,4,52.13,No terminal repeats,1.0,dsDNAphage,1,Duplodnaviria;Heunggongvirae;Uroviricota;Caudoviricetes,d__Bacteria;p__Pseudomonadota;c__Gammaproteobacteria;o__SAR86;f__AG-339-G14;g__MEDG-81,86.7,d__Bacteria;p__Pseudomonadota;c__Gammaproteobacteria;o__SAR86;f__AG-339-G14;g__MEDG-81;s__MEDG-81 sp902563105,5,2568,False,False,5,40,0,15,0,4,none,"pos20:tail length tape measure protein | tail ; pos34:DNA ligase | DNA, RNA and nucleotide met; pos37:tail length tape measure protein | tail; pos46:YP_002308525.1 endolysin [Bacteriophage ",1[hyp]; 2[hyp]; 3[hyp]; 4[hyp]; 5[hyp],7[vir]; 8[vir]; 9[vir]; 10[vir]; 11[-],11,0.455,0.696,0,1,2,MKEF,0,none detected (DRAM-v is_transposon=0 for all ORFs on contig),"ribonucleoside-diphosphate reductase large subunit | DNA, RN","CheckV provirus=No on all 16 carrier contigs, so CheckV produced no provirus/host-boundary coordinates; the coordinate-based 'outside prophage boundary' test could not be performed. VirSorter2 category encoding is not defined in the supplied files, so no partial/host-derived inference is drawn from it. POSITIVE INDICATION of a non-informative left region: the 5 ORFs to the left (positions 1-5) have no annotation in any source and no viral-DB hit, i.e. the left flank cannot be shown to be phage. Right flank is unambiguously phage.",supported,"46,630 bp, 46 ORFs, CheckV code 4 / 34.06%, geNomad 0.971 with 4 hallmarks and marker enrichment 52.1, VS2 1.000 cat 1. ORF at 6/46, 2,568 bp from the nearest end. The left flank is uninformative - 5 consecutive ORFs with no annotation in any source, 0 viral-DB hits, 0 hallmarks - and this asymmetry is stated rather than merged away. The right flank is strong: 15 viral-DB ORFs with 4 localisable hallmarks (tail length tape measure pos20 and pos37, terminase pos34, endolysin pos46) and an immediately adjacent canonical phage nucleotide module (RNR class Ia aerobic pos7, dUTPase pos9, deoxynucleotide monophosphate kinase pos10). The candidate itself is a full-length PHROG match to 'ribonucleoside-diphosphate reductase large subunit' at 100% identity over 98.2% of the query. No MGE. DRAM-v auxiliary score 2."
FCH3CGLCCXYL4FAA_NODE_919_3,RNR,K00525,vOTU0840,FCH3CGLCCXYL4FAA_NODE_919,5407,6,6,3,1204,3504,-1,4.0,code 4 (consistent with 'Low-quality'; inferred),2.82,AAI-based (high-confidence),0.0,No,0.9826,1,10.2902,No terminal repeats,0.9,NCLDV,2,Duplodnaviria;Heunggongvirae;Uroviricota;Caudoviricetes,d__Bacteria;p__Bacillota_A;c__Clostridia;o__Christensenellales;f__UBA1242;g__Onthoplasma,85.8,d__Bacteria;p__Bacillota_A;c__Clostridia;o__Christensenellales;f__UBA1242;g__Caccovivens;s__,2,1203,False,False,2,3,1,2,0,0,none,none,1[hyp]; 2[vir],"4[vir]; 5[vir,hyp]; 6[hyp]",6,0.5,0.5,0,1,3,MKEF,0,none detected (DRAM-v is_transposon=0 for all ORFs on contig),"ribonucleotide reductase large subunit | DNA, RNA and nucleo","CheckV provirus=No on all 16 carrier contigs, so CheckV produced no provirus/host-boundary coordinates; the coordinate-based 'outside prophage boundary' test could not be performed. VirSorter2 category encoding is not defined in the supplied files, so no partial/host-derived inference is drawn from it. No positional indication (3/6, 1,203 bp from end), but only 5 other ORFs exist on the contig and CheckV completeness is 2.82%, so boundaries are undeterminable.",partly supported,"Smallest gene complement of the 17: 5,407 bp with only 6 ORFs, CheckV code 4 / 2.82% - the lowest completeness of any carrier. The candidate is one of only a handful of genes present (position 3/6, 1,203 bp from the nearest end), so any flanking argument rests on 5 ORFs total. Supporting: pos2 is PHROG 'aerobic NDP reductase small subunit' (the nrdB partner) and pos4 PHROG 'replication protein', giving a locally coherent phage nucleotide/replication pairing; geNomad 0.983 (1 hallmark). Against: no hallmark localisable, pos1 and pos6 unannotated, and VS2 gives its lowest score in the set (0.900) with group 'NCLDV' cat 2, inconsistent with the Caudoviricetes taxonomy assignment. DRAM-v auxiliary score 3."
FCH3CGLCCXYL2DAA_NODE_147_6,acpP,K02078,vOTU0342,FCH3CGLCCXYL2DAA_NODE_147,8904,19,19,6,1619,1861,1,4.0,code 4 (consistent with 'Low-quality'; inferred),19.14,AAI-based (medium-confidence),0.0,No,0.9697,1,10.5267,No terminal repeats,0.973,dsDNAphage,2,Duplodnaviria;Heunggongvirae;Uroviricota;Caudoviricetes,d__Bacteria;p__Pseudomonadota;c__Gammaproteobacteria;o__Burkholderiales;f__Burkholderiaceae_B;g__Variovorax,95.2,d__Bacteria;p__Pseudomonadota;c__Gammaproteobacteria;o__Burkholderiales;f__Burkholderiaceae_B;g__Variovorax;s__Variovorax sp003019815,5,1618,False,False,5,13,1,7,0,0,none,none,"1[hyp]; 2[vir,hyp]; 3[hyp]; 4[hyp]; 5[hyp]","7[vir]; 8[vir]; 9[hyp]; 10[vir,hyp]; 11[vir]",11,0.636,0.684,0,1,3,F,2,"pos18 18 MGE:REFSEQ excisionase; Xu | Excisionase (d=+12 ORFs, 5674 bp) | pos19 19 MGE:NP_958719.1 site-specific integrase [Bordetel (d=+13 ORFs, 5883 bp)",acyl carrier protein | Carrier of the growing fatty acid cha,"CheckV provirus=No on all 16 carrier contigs, so CheckV produced no provirus/host-boundary coordinates; the coordinate-based 'outside prophage boundary' test could not be performed. VirSorter2 category encoding is not defined in the supplied files, so no partial/host-derived inference is drawn from it. POSITIVE INDICATION of a prophage context whose boundary is unlocatable: excisionase (pos18) + site-specific phage integrase (pos19) at the far contig end, VIBRANT lysogenic / BACPHLIP temperate, high-confidence Variovorax host assignment. Because provirus coordinates were not produced, it cannot be determined whether position 6 lies inside the phage region; the 4 unannotated ORFs immediately to its left leave the question open.",partly supported,"The only carrier with a canonical prophage-junction signature: a site-specific integrase (pos19, best hit Bordetella phage BPP-1 integrase, 'phage' integrase family) immediately preceded by an excisionase (pos18), both at the far end of the contig, 13 and 12 ORFs from the candidate. VIBRANT calls the contig lysogenic and BACPHLIP temperate, and the host assignment is the most confident of the set (Variovorax, 95.2% genus / 96.6% genome). CheckV called provirus=No, so NO provirus coordinates were produced and the phage/host boundary cannot be located from the files provided - whether position 6 falls inside or outside the phage region is therefore undetermined, not resolved. The candidate has NO viral-database hit of its own (no PHROG, no RefSeq-viral, no VOGDB - only KEGG/eggNOG acpP), its left flank is 5 ORFs of which 4 have no annotation at all (1 viral-DB hit), and 63.6% of the local window is hypothetical. Right flank is better (7 viral-DB ORFs) but hallmark-free. DRAM-v auxiliary score 3, is_transposon=0."
FCH3CGLCCXYL4FAA_NODE_349_2,acpP,K02078,vOTU0354,FCH3CGLCCXYL4FAA_NODE_349,8751,13,13,2,757,987,1,4.0,code 4 (consistent with 'Low-quality'; inferred),5.07,HMM-based (lower-bound),0.0,No,0.9703,0,8.1618,No terminal repeats,0.973,dsDNAphage,2,Duplodnaviria;Heunggongvirae;Uroviricota;Caudoviricetes,none assigned,,none assigned,1,756,False,True,1,11,0,4,0,0,none,none,1[hyp],"3[hyp]; 4[hyp]; 5[hyp]; 6[vir,hyp]; 7[vir]",7,0.714,0.692,0,1,4,F,0,none detected (DRAM-v is_transposon=0 for all ORFs on contig),"acyl carrier protein | moron, auxiliary metabolic gene and h","CheckV provirus=No on all 16 carrier contigs, so CheckV produced no provirus/host-boundary coordinates; the coordinate-based 'outside prophage boundary' test could not be performed. VirSorter2 category encoding is not defined in the supplied files, so no partial/host-derived inference is drawn from it. POSITIVE INDICATION of a non-informative edge region: 2nd of 13 ORFs, 756 bp from the contig end, single unannotated ORF on the left flank, positions 3-5 unannotated, contig has 0 geNomad hallmarks and DRAM-v auxiliary score 4.",partly supported,"The candidate is the second ORF on a 13-ORF, 8,751 bp contig and sits 756 bp from the terminus. Its left flank is a single unannotated ORF (0 viral-DB hits, 0 hallmarks) and positions 3-5 immediately to the right are also unannotated, giving the highest local hypothetical fraction of the 17 (0.714) against a contig-wide 0.692. The contig carries 0 geNomad hallmarks - one of only two such carriers - with marker enrichment 8.16, CheckV completeness 5.07% by HMM-based lower bound, no host assignment and vOTU unclassified. Contig-level virus calls are nonetheless all positive (geNomad 0.970, VS2 0.973 cat 2, VIBRANT 4) and the ORF itself is a PHROG member (acyl carrier protein, 66.3% identity over 96.1% of the query, PHROG category 'moron, auxiliary metabolic gene and host takeover') with VOGDB Xh. DRAM-v assigns auxiliary score 4, the second-worst of the 17. The local neighbourhood supplies essentially no independent support for viral origin."
FCH3CGLCCXYL4FAA_NODE_52_18,DNMT3A,K17398,vOTU0065,FCH3CGLCCXYL4FAA_NODE_52,21810,31,29,18,11928,12911,-1,4.0,code 4 (consistent with 'Low-quality'; inferred),29.96,AAI-based (medium-confidence),0.0,No,0.9808,1,28.01,No terminal repeats,0.973,lavidaviridae,2,Duplodnaviria;Heunggongvirae;Uroviricota;Caudoviricetes,none assigned,,none assigned,13,8899,False,False,17,13,10,9,1,1,pos1:holin | lysis | YP_008241164.1 hypotheti,pos25:tail fiber protein | tail,13[vir]; 14[hyp]; 15[-]; 16[vir]; 17[vir],"19[vir]; 20[hyp]; 21[vir,hyp]; 22[vir,hyp]; 23[vir]",11,0.364,0.548,0,1,3,M,0,pos13 recomb-nuclease(not MGE):YP_010356603.1 Holliday junction resolva (d=-5 ORFs),unknown function | YP_009777679.1 DNA methyltransferase [unc,"CheckV provirus=No on all 16 carrier contigs, so CheckV produced no provirus/host-boundary coordinates; the coordinate-based 'outside prophage boundary' test could not be performed. VirSorter2 category encoding is not defined in the supplied files, so no partial/host-derived inference is drawn from it. No positive indication: internal (18/31, 8,899 bp from end), viral-DB genes and one hallmark on each flank.",supported,"geNomad 0.981 (1 hallmark, marker enrichment 28.0), VS2 0.973 cat 2, CheckV code 4 / 29.96%. ORF at 18/31, 8,899 bp from the nearest end, deep inside the contig. Both flanks viral-DB dense (10 left, 9 right) with one localisable hallmark each side (holin pos1; tail fibre pos25) and a coherent Cellulophaga-phage replication module immediately adjacent (pos17 metallophosphatase, pos19 DNA polymerase A, pos23 primase/polymerase). Only recombination signal is a Holliday-junction resolvase at pos13, which is a phage recombination nuclease and not a site-specific MGE integrase. Caveat: VS2 assigns group 'lavidaviridae' while taxonomy and vConTACT place the contig in Caudoviricetes/Pervagoviridae - an internal inconsistency in the prediction record. DRAM-v auxiliary score 3."
FCH3CGLCCXYL4FAA_NODE_69_26,DNMT3A,K17398,vOTU0080,FCH3CGLCCXYL4FAA_NODE_69,19099,26,26,26,17944,19098,-1,4.0,code 4 (consistent with 'Low-quality'; inferred),44.51,AAI-based (medium-confidence),0.0,No,0.9816,5,20.4532,No terminal repeats,1.0,dsDNAphage,1,Duplodnaviria;Heunggongvirae;Uroviricota;Caudoviricetes,d__Bacteria;p__Pseudomonadota;c__Gammaproteobacteria;o__Burkholderiales;f__Nitrosomonadaceae;g__Nitrosomonas,91.0,d__Bacteria;p__Pseudomonadota;c__Gammaproteobacteria;o__Burkholderiales;f__Nitrosomonadaceae;g__Nitrosomonas;s__Nitrosomonas sp020890945,0,1,True,True,25,0,7,0,3,0,pos11:unknown function | YP_007002970.1 head m; pos14:virion structural protein | head and pac; pos22:unknown function | YP_008241980.1 termin,none,"21[vir,hyp]; 22[HALL,vir]; 23[vir,hyp]; 24[hyp]; 25[vir]",none,6,0.5,0.808,0,1,5,F,0,none detected (DRAM-v is_transposon=0 for all ORFs on contig),transcriptional regulator | transcription regulation | YP_01,"CheckV provirus=No on all 16 carrier contigs, so CheckV produced no provirus/host-boundary coordinates; the coordinate-based 'outside prophage boundary' test could not be performed. VirSorter2 category encoding is not defined in the supplied files, so no partial/host-derived inference is drawn from it. POSITIVE INDICATION of an assembly boundary rather than a prophage boundary: ORF is the terminal gene (26/26) ending 1 bp from the contig end, no right flank exists, contig 80.8% hypothetical, DRAM-v auxiliary score 5.",partly supported,"The ORF is the LAST gene on the contig (position 26/26) and ends 1 bp from the contig terminus, so there is no right flank at all and the gene is truncated at the assembly boundary. Contig-level calls are strong (geNomad 0.982, 5 hallmarks; VS2 1.000 cat 1; host Nitrosomonas 91.0%) and the left flank is unambiguously viral (7 viral-DB ORFs, 3 localisable hallmarks: head maturation protease pos11, virion structural protein pos14, terminase large subunit pos22). But the contig is 80.8% hypothetical - the highest of the 16 - the local window contains only 6 ORFs, and DRAM-v assigns this ORF auxiliary score 5, the worst of the 17, consistent with a contig-end position. Viral neighbourhood is one-sided; internal position within a phage genome cannot be established."
TARATASF_NODE_29_11,DNMT3A,K17398,vOTU0030,TARATASF_NODE_29,39950,43,43,11,7689,8864,1,2.0,"code 2 (ordering consistent with CheckV 'High-quality'; label inferred from code, not present in file)",97.75,AAI-based (high-confidence),0.0,No,0.98,6,51.1194,No terminal repeats,1.0,dsDNAphage,1,Duplodnaviria;Heunggongvirae;Uroviricota;Caudoviricetes,d__Bacteria;p__Bacteroidota;c__Bacteroidia;o__Bacteroidales;f__Bacteroidaceae;g__Prevotella,99.4,d__Bacteria;p__Bacteroidota;c__Bacteroidia;o__Bacteroidales;f__Bacteroidaceae;g__Prevotella;s__Prevotella sp900767615,10,7688,False,False,10,32,3,13,0,8,none,pos19:unknown function | YP_008058800.1 termin; pos21:NP_858954.1 portal protein [Xanthomonas ; pos22:unknown function | YP_009216592.1 head m; pos23:sp|O64210|CAPSD_BPMD2 Probable major cap; pos24:REFSEQ head-tail adaptor Ad1; Xu | Phage; pos25:sp|O48446|HCP16_BPSPP Head completion pr; pos28:Phage tail tube protein; pos42:YP_009100091.1 amidase [Mesorhizobium ph,6[hyp]; 7[vir]; 8[vir]; 9[vir]; 10[hyp],12[hyp]; 13[vir]; 14[vir]; 15[vir]; 16[-],11,0.273,0.512,0,1,2,,0,pos39 recomb-nuclease(not MGE):YP_010668140.1 Reverse transcriptase [Bu (d=+28 ORFs),YP_009010750.1 DNA methyltransferase [Croceibacter phage P25,"CheckV provirus=No on all 16 carrier contigs, so CheckV produced no provirus/host-boundary coordinates; the coordinate-based 'outside prophage boundary' test could not be performed. VirSorter2 category encoding is not defined in the supplied files, so no partial/host-derived inference is drawn from it. No positive indication: ORF is internal (11/43, 7,688 bp from end), flanked by replication genes left and a complete structural module right; no MGE on contig.",supported,"CheckV code 2 / 97.75% complete (AAI high-confidence), 0% contamination, provirus=No; geNomad 0.980 with 6 hallmarks and marker enrichment 51.1; VS2 1.000 cat 1 dsDNAphage. ORF sits at position 11/43, 7,688 bp from the nearest end. Left flank (3 viral-DB ORFs) is a DNA-replication module (exonuclease, Gp2.5-like ssDNA-binding, DNA polymerase); right flank carries 13 viral-DB ORFs including 8 localisable hallmarks (terminase large subunit, portal, head maturation protease, major capsid gp17, head-tail adaptor, head completion gp16, tail tube, endolysin/amidase). No MGE ORF on the contig. DRAM-v auxiliary score 2."
