reference_accession,uniprot_id,protein_name,gene_names,organism,length_aa,reviewed,protein_existence,n_functional_positions_used,pdb_entries_used,role_in_this_audit,database,database_release,release_date,source_url,access_utc
P37744,RMLA1_ECOLI,Glucose-1-phosphate thymidylyltransferase 1,rfbA,Escherichia coli (strain K12),293,UniProtKB reviewed (Swiss-Prot),1: Evidence at protein level,38,1H5T (X-ray 1.90 A; dTDP-glucose+dTDP); 1H5R; 1H5S,rfbA/RmlA primary reference (best characterised: 1.9 A dTDP-glucose product complex),UniProtKB/Swiss-Prot,2026_03,02-September-2026,https://rest.uniprot.org/uniprotkb/P37744.json,2026-09-08T10:42:07+00:00
P61887,RMLA2_ECOLI,Glucose-1-phosphate thymidylyltransferase 2,rffH,Escherichia coli (strain K12),293,UniProtKB reviewed (Swiss-Prot),1: Evidence at protein level,19,1MC3 (X-ray 2.60 A; dTTP+Mg2+),rfbA/RffH reference (experimental Mg(2+) site annotation),UniProtKB/Swiss-Prot,2026_03,02-September-2026,https://rest.uniprot.org/uniprotkb/P61887.json,2026-09-08T10:42:07+00:00
P26393,RMLA_SALTY,Glucose-1-phosphate thymidylyltransferase,rmlA,Salmonella typhimurium (strain LT2 / SGSC1412 / ATCC 700720),292,UniProtKB reviewed (Swiss-Prot),1: Evidence at protein level,34,1IIM (X-ray 2.10 A; dTTP),rfbA/RmlA reference (dTTP complex),UniProtKB/Swiss-Prot,2026_03,02-September-2026,https://rest.uniprot.org/uniprotkb/P26393.json,2026-09-08T10:42:07+00:00
P00452,RIR1_ECOLI,Ribonucleoside-diphosphate reductase 1 subunit alpha,nrdA,Escherichia coli (strain K12),761,UniProtKB reviewed (Swiss-Prot),1: Evidence at protein level,41,4R1R (X-ray 3.20 A; GDP+dTTP); 8VHU (X-ray 2.10 A; dATP),RNR class Ia large subunit primary reference (E. coli NrdA),UniProtKB/Swiss-Prot,2026_03,02-September-2026,https://rest.uniprot.org/uniprotkb/P00452.json,2026-09-08T10:42:07+00:00
P32282,RIR1_BPT4,Ribonucleoside-diphosphate reductase subunit alpha,NRDA,Enterobacteria phage T4,754,UniProtKB reviewed (Swiss-Prot),1: Evidence at protein level,21,none (no PDB entry),"RNR class Ia large subunit, phage reference (T4 NrdA)",UniProtKB/Swiss-Prot,2026_03,02-September-2026,https://rest.uniprot.org/uniprotkb/P32282.json,2026-09-08T10:42:07+00:00
P0A6A8,ACP_ECOLI,Acyl carrier protein,acpP,Escherichia coli (strain K12),78,UniProtKB reviewed (Swiss-Prot),1: Evidence at protein level,16,2FAD (X-ray 1.60 A; heptanoyl-phosphopantetheine-Ser37); 1T8K (1.10 A apo),acpP reference (E. coli AcpP),UniProtKB/Swiss-Prot,2026_03,02-September-2026,https://rest.uniprot.org/uniprotkb/P0A6A8.json,2026-09-08T10:42:07+00:00
P05102,MTH1_HAEPH,Type II methyltransferase M.HhaI,hhaIM,Haemophilus parahaemolyticus,327,UniProtKB reviewed (Swiss-Prot),1: Evidence at protein level,34,"1MHT (X-ray 2.60 A; DNA+AdoHcy, covalent C81 adduct); 2HR1 (1.96 A)","C5-cytosine MTase primary reference (M.HhaI, prokaryotic/phage-type)",UniProtKB/Swiss-Prot,2026_03,02-September-2026,https://rest.uniprot.org/uniprotkb/P05102.json,2026-09-08T10:42:07+00:00
P0AED9,DCM_ECOLI,DNA-cytosine methyltransferase,dcm,Escherichia coli (strain K12),472,UniProtKB reviewed (Swiss-Prot),1: Evidence at protein level,1,none (no PDB entry),C5-cytosine MTase reference (E. coli Dcm),UniProtKB/Swiss-Prot,2026_03,02-September-2026,https://rest.uniprot.org/uniprotkb/P0AED9.json,2026-09-08T10:42:07+00:00
Q9Y6K1,DNM3A_HUMAN,DNA (cytosine-5)-methyltransferase 3A,DNMT3A,Homo sapiens,912,UniProtKB reviewed (Swiss-Prot),1: Evidence at protein level,34,2QRV (X-ray 2.89 A; AdoHcy); 6W8B (X-ray 2.40 A; DNA+AdoHcy),orthologue named by KEGG K17398 (human DNMT3A),UniProtKB/Swiss-Prot,2026_03,02-September-2026,https://rest.uniprot.org/uniprotkb/Q9Y6K1.json,2026-09-08T10:42:07+00:00
