"vOTU_id","checkv_quality","final_strategy","MQ_or_better","BS","SA","IA","DA"
"vOTU0519","Low-quality","temperate",0,0,12866.1166234071,0,0
"vOTU0077","Low-quality","temperate",0,0,28461.1003818813,194.815614985499,0
"vOTU0576","Low-quality","virulent",0,0,20501.45157632,816.227066415604,0
"vOTU0114","Low-quality","virulent",0,0,16307.0609326606,121.484686264169,0
"vOTU0597","Low-quality","virulent",0,0,18283.3348264745,538.416342890837,0
"vOTU0617","Low-quality","virulent",0,0,15821.3846699076,149.917732662396,0
"vOTU0163","Low-quality","virulent",0,0,22854.095045668,128.307518955895,32.4667869332222
"vOTU0088","Low-quality","virulent",0,0,25460.8132997122,103.88430065141,0
"vOTU0002","Low-quality","virulent",0,0,11097.6236315496,24755.5222568397,0
"vOTU0680","Not-determined","virulent",0,0,27242.4147441604,158.640940951281,0
"vOTU0342","Low-quality","temperate",0,0,19192.1996098289,712.435242673657,0
"vOTU0095","Low-quality","virulent",0,0,25110.0674047826,164.890487808587,25.4978418020953
"vOTU0758","Low-quality","virulent",0,0,13095.5837710292,55.9689582279488,0
"vOTU0772","Low-quality","virulent",0,0,11313.2570376458,0,0
"vOTU0825","Low-quality","virulent",0,0,10988.6436971139,57.9740446845552,0
"vOTU0847","Low-quality","virulent",0,0,53988.874571363,176.995671185611,0
"vOTU0849","Low-quality","virulent",0,0,12569.6674983197,0,0
"vOTU0872","Low-quality","virulent",0,0,12870.2894311135,752.315185554383,0
"vOTU0005","Low-quality","virulent",0,0,13302.1888741832,34393.7059512341,28.6709971022792
"vOTU0113","Low-quality","virulent",0,0,24087.3950956776,121.445878771053,65.729230029777
"vOTU0115","Low-quality","virulent",0,0,12992.0683189262,61.0188536617652,0
"vOTU0121","Low-quality","virulent",0,0,19918.6345228336,186.965197826615,9.63711574880976
"vOTU0124","Low-quality","temperate",0,0,18804.2392567887,1104.81331679197,0
"vOTU0155","Low-quality","virulent",0,0,16791.2802273323,1070.31045609485,0
"vOTU0167","Low-quality","virulent",0,0,19245.7900483615,682.402874600943,0
"vOTU0173","Low-quality","virulent",0,0,19650.6823301705,24.2526489664475,0
"vOTU0001","Low-quality","virulent",0,786.315552391217,10266.9824846456,99.0788067294423,0
"vOTU0184","Low-quality","virulent",0,0,15900.6765366104,100.666902387782,0
"vOTU0202","Low-quality","virulent",0,0.825521248255203,22537.3855439699,226.34506269905,0
"vOTU0004","Low-quality","virulent",0,0,14281.8465437664,27078.620000749,0
"vOTU0255","Low-quality","temperate",0,0,14344.9937556811,121.0018247452,0
"vOTU0019","Medium-quality","temperate",1,0,63936.9589070832,401.930981305094,0
"vOTU0023","Medium-quality","virulent",1,0,31867.0785222198,210.025663057523,0
"vOTU0362","Low-quality","virulent",0,0,17574.3387989687,5702.62236941785,0
"vOTU0053","Medium-quality","virulent",1,0,20607.3054195919,87.9513987490215,0
"vOTU0462","Low-quality","virulent",0,0,17443.4012479119,333.869677594269,0
"vOTU0478","Low-quality","virulent",0,0,18530.2291442088,63.5453683689317,0
"vOTU0774","Low-quality","virulent",0,0,2596.78850535356,158899.720822961,0
"vOTU0961","Low-quality","virulent",0,0,87.9630633601145,11624.0888028,0
"vOTU0086","Low-quality","virulent",0,0,142.1280883546,33350.1475690607,110.791905408706
"vOTU0021","Medium-quality","temperate",1,0,78.3075612198697,19920.8737465899,0
"vOTU0064","Low-quality","virulent",0,0,118.789276642846,20623.7198862341,0
"vOTU0120","Medium-quality","virulent",1,0,28.7976301876672,16912.3299840296,9.62073306251397
"vOTU0133","Low-quality","virulent",0,0,150.102730724962,63982.1832262475,0
"vOTU0135","Low-quality","virulent",0,0,30.0471528530377,10343.1701631805,0
"vOTU0154","Low-quality","virulent",0,0,126.406273820596,61468.9410081829,10.5574747784744
"vOTU0166","Low-quality","virulent",0,0,326.680978465771,43405.279214332,65.4826552785086
"vOTU0180","Low-quality","virulent",0,3.05698626727628,239.625239848188,14396.9223404947,11.4363058201038
"vOTU0189","Low-quality","virulent",0,1.59029332075512,730.133993077704,17659.3721861542,0
"vOTU0200","Low-quality","virulent",0,0,109.650889537862,45852.3507799658,232.004127343486
"vOTU0205","Low-quality","virulent",0,0,260.522102763437,39935.1425609966,285.973381807558
"vOTU0215","Low-quality","virulent",0,0,0,15640.0634566371,0
"vOTU0273","Low-quality","virulent",0,0,43.7065928568291,12495.672044477,0
"vOTU0012","Complete","virulent",1,0,90.3534005533893,25348.9647276688,0
"vOTU0316","Not-determined","virulent",0,0,283.6610989711,41825.9795130283,15.7942827587069
"vOTU0405","Low-quality","virulent",0,0,107.030677288504,9846.71928846022,0
"vOTU0423","Medium-quality","virulent",1,0,244.563326429481,11761.031713299,0
"vOTU0443","Low-quality","virulent",0,0,1226.3624110613,17261.830022187,0
"vOTU0459","Low-quality","virulent",0,0,57.6858267041046,13085.85199262,0
"vOTU0500","Low-quality","virulent",0,70.1860066362769,332.515091896755,14520.0051405451,80.790372241635
"vOTU0558","Not-determined","virulent",0,0,456.06773184487,39130.8970530365,0
"vOTU0038","Medium-quality","virulent",1,0,61.8930520863219,29047.7391340829,0
"vOTU0609","Not-determined","virulent",0,0,68.8280880887402,9516.77316676035,0
"vOTU0632","Not-determined","virulent",0,0,3448.56527475216,10542.1277333276,0
"vOTU0697","Low-quality","temperate",0,149.991676987476,223.948007685442,16127.6018702281,0
"vOTU0700","Low-quality","virulent",0,0,0,9881.45893199519,0
"vOTU0708","Not-determined","virulent",0,0,8364.51978666742,22095.8990724976,0
"vOTU0725","Low-quality","virulent",0,0,265.869260824457,33615.8544354372,25.3776346742823
"vOTU0007","Medium-quality","virulent",1,2288.81967974562,309.482386196775,0,0
"vOTU0022","Low-quality","virulent",0,813.977500317438,128.414278306548,0,0
"vOTU0112","Low-quality","virulent",0,682.54674389813,139.474042068688,0,0
"vOTU0909","Low-quality","virulent",0,366.510335861314,0,0,0
"vOTU0910","Low-quality","virulent",0,1042.6689440203,0,0,0
"vOTU0911","Low-quality","virulent",0,1920.69006733735,85.6037186896208,0,0
"vOTU0912","Low-quality","virulent",0,496.991610773627,342.481477796443,0,0
"vOTU0913","Low-quality","virulent",0,661.509810736993,171.273989295515,0,0
"vOTU0914","Low-quality","virulent",0,625.583198416464,0,0,0
"vOTU0915","Low-quality","virulent",0,3530.35938774549,1590.78101420258,0,459.631544349946
"vOTU0916","Low-quality","virulent",0,509.022994427548,86.0385597597668,0,0
"vOTU0917","Low-quality","virulent",0,4676.14776623785,1033.06803197314,61.996902465523,57.5212947311775
"vOTU0918","Low-quality","virulent",0,980.778755816368,172.27899906174,0,0
"vOTU0919","Low-quality","virulent",0,3068.53852397194,129.25985657139,62.0575376432523,0
"vOTU0920","Low-quality","virulent",0,485.284422779412,258.772663250362,0,0
"vOTU0921","Low-quality","virulent",0,296.795254220068,0,0,0
"vOTU0922","Low-quality","virulent",0,495.398315898645,0,0,0
"vOTU0923","Low-quality","virulent",0,3559.08351627615,431.795431737161,0,86.5526713818591
"vOTU0924","Low-quality","virulent",0,917.907016477118,172.752013121629,0,0
"vOTU0925","Low-quality","virulent",0,640.472182494226,172.819747226915,0,0
"vOTU0116","Low-quality","virulent",0,764.448907478485,269.281505631601,10.206468626311,47.3482696445788
"vOTU0926","Low-quality","virulent",0,1250.81442187634,345.843090832694,0,0
"vOTU0927","Low-quality","virulent",0,540.581426163262,172.955607370422,62.2768999565989,0
"vOTU0928","Low-quality","virulent",0,514.259044348629,173.193608644678,0,0
"vOTU0929","Low-quality","virulent",0,475.68668769151,86.6137852427245,0,0
"vOTU0930","Low-quality","virulent",0,799.870602915429,0,0,0
"vOTU0931","Low-quality","virulent",0,809.713773723825,260.302066502043,0,0
"vOTU0932","Low-quality","virulent",0,873.810198959006,347.138088368776,0,0
"vOTU0117","Low-quality","virulent",0,807.94893749615,85.0855940010406,20.4247651725796,0
"vOTU0933","Low-quality","virulent",0,1939.81545411015,173.60323181261,0,0
"vOTU0934","Low-quality","virulent",0,571.899119971569,86.8358514611092,0,0
"vOTU0935","Low-quality","virulent",0,1397.18933747386,87.0417184949063,31.3415333440212,0
"vOTU0937","Low-quality","virulent",0,1201.39625114328,478.918976856484,0,0
"vOTU0938","Low-quality","virulent",0,404.353551888244,0,0,0
"vOTU0939","Low-quality","virulent",0,1353.56445641439,261.331795734033,0,0
"vOTU0940","Low-quality","virulent",0,1140.76708482671,435.984193670067,0,0
"vOTU0941","Low-quality","virulent",0,753.522943300068,0,0,0
"vOTU0942","Low-quality","virulent",0,613.45404793599,0,0,0
"vOTU0943","Not-determined","virulent",0,1077.16601311061,174.497403371075,0,0
"vOTU0944","Low-quality","virulent",0,462.008703592062,43.6589367941362,0,1341.87472719695
"vOTU0946","Low-quality","virulent",0,419.454248243263,0,0,0
"vOTU0947","Low-quality","virulent",0,4507.58927247252,1835.49371394152,0,1445.4069513784
"vOTU0948","Not-determined","virulent",0,841.36028907993,131.15874607645,0,29.2117352055853
"vOTU0118","Low-quality","virulent",0,777.080554041005,358.097321333309,0,0
"vOTU0949","Low-quality","virulent",0,1006.13693956811,525.051890184068,0,116.939797918999
"vOTU0950","Low-quality","virulent",0,565.170538043569,0,0,0
"vOTU0951","Low-quality","virulent",0,496.723884504299,0,0,0
"vOTU0952","Low-quality","virulent",0,819.562409311935,87.6131141114749,0,0
"vOTU0953","Low-quality","virulent",0,819.888402596547,0,0,0
"vOTU0954","Low-quality","virulent",0,1166.36926619902,87.8052464520148,0,0
"vOTU0119","Low-quality","virulent",0,914.662950666828,287.506408369764,0,19.2100666165694
"vOTU0955","Low-quality","virulent",0,791.95539680284,87.8052464520148,0,0
"vOTU0956","Low-quality","virulent",0,570.443115702739,87.8052464520148,0,0
"vOTU0957","Not-determined","virulent",0,325.472213073189,0,0,0
"vOTU0958","Low-quality","virulent",0,2241.94625079776,219.644541467191,0,0
"vOTU0959","Low-quality","virulent",0,1612.64019516939,527.252210196606,0,0
"vOTU0960","Low-quality","virulent",0,543.866597663067,87.945532881593,0,264.427920541632
"vOTU0962","Low-quality","virulent",0,536.655509241976,0,0,0
"vOTU0122","Low-quality","virulent",0,1584.35121170764,853.100437680846,0,236.698460290646
"vOTU0123","Low-quality","virulent",0,1560.70824973617,437.833350293897,0,0
"vOTU0125","Low-quality","virulent",0,835.692521561435,87.8695021525106,0,0
"vOTU0024","High-quality","virulent",1,1223.58320884592,688.633833535157,15.1425703701669,7.02471014928805
"vOTU0127","Low-quality","virulent",0,941.92620935724,470.420571501473,0,0
"vOTU0128","Low-quality","virulent",0,1805.56690866659,779.341939784153,0,29.4750620713589
"vOTU0129","Low-quality","virulent",0,734.388256814417,88.2686964962826,21.1888708376341,0
"vOTU0130","Low-quality","virulent",0,820.659727491196,368.179668259815,0,0
"vOTU0131","Low-quality","virulent",0,1074.0262335132,177.629117920469,0,0
"vOTU0132","Low-quality","virulent",0,1381.81533022814,765.05425897785,21.6060024201819,110.254444673967
"vOTU0134","Low-quality","virulent",0,1510.0044416387,300.205312345004,0,0
"vOTU0136","Low-quality","virulent",0,759.579980499866,0,0,0
"vOTU0137","Low-quality","virulent",0,733.619017164659,30.1747951853493,0,0
"vOTU0025","Medium-quality","virulent",1,3442.30596745193,366.72958030561,0,0
"vOTU0138","Low-quality","virulent",0,1154.06435593941,558.271870073249,0,0
"vOTU0139","Low-quality","virulent",0,1425.2090367247,394.624490962722,0,60.8475416859037
"vOTU0140","Low-quality","virulent",0,541.14262069057,440.431098821932,0,0
"vOTU0141","Low-quality","virulent",0,1596.30685543219,152.261331180716,0,0
"vOTU0142","Low-quality","virulent",0,1509.48840344903,518.692927432585,21.9727169073098,30.5797305098797
"vOTU0143","Low-quality","virulent",0,768.720543621685,122.426997910916,0,0
"vOTU0144","Low-quality","virulent",0,1395.86077282669,92.2175592623014,0,154.040542171058
"vOTU0145","Low-quality","virulent",0,552.720523501548,153.964633371219,0,0
"vOTU0026","Complete","virulent",1,1005.12231213452,86.3929395546184,241.086274631058,0
"vOTU0147","Low-quality","virulent",0,1187.27952672512,249.235938089864,0,0
"vOTU0148","Low-quality","virulent",0,1671.16357573445,155.882804272582,0,239.555993157978
"vOTU0149","Low-quality","virulent",0,1009.38877111799,94.0623109007628,0,52.3739833482418
"vOTU0150","High-quality","virulent",1,2912.58569509715,692.600727346216,0,105.174737519741
"vOTU0151","Low-quality","virulent",0,934.512324878425,63.0403356377098,22.699216846517,0
"vOTU0152","Low-quality","virulent",0,674.847732140897,220.641137455754,0,0
"vOTU0153","Low-quality","virulent",0,680.623381122082,0,0,0
"vOTU0156","Low-quality","virulent",0,983.34971895687,126.843181058927,22.8365060047333,0
"vOTU0157","Low-quality","virulent",0,979.24279319172,285.43830182039,0,0
"vOTU0027","Low-quality","virulent",0,790.426696582812,131.048208208601,7.86451945910294,0
"vOTU0158","Low-quality","virulent",0,901.953838455028,127.145233546931,22.8908895442446,5.30959831091661
"vOTU0159","Low-quality","virulent",0,11042.0044613466,1717.45303559309,0,127.503920641861
"vOTU0160","Low-quality","virulent",0,853.851792804781,95.4554152144567,0,0
"vOTU0161","Low-quality","virulent",0,2114.84985564671,225.928429891154,0,0
"vOTU0162","Low-quality","virulent",0,992.359319112207,161.401113481743,0,0
"vOTU0164","Low-quality","virulent",0,1015.18925129121,162.05429953747,0,54.139210333735
"vOTU0165","Low-quality","virulent",0,754.411736990238,162.772985254744,0,0
"vOTU0168","Low-quality","virulent",0,1112.47131832698,424.779683111153,23.5311254455215,0
"vOTU0028","High-quality","virulent",1,1187.7812318522,831.642556851501,0,0
"vOTU0170","Low-quality","virulent",0,871.902247820486,217.339975814454,0,145.218110342588
"vOTU0171","Low-quality","virulent",0,817.591277650053,0,0,0
"vOTU0172","Low-quality","virulent",0,1019.56850524545,403.84905858174,0,0
"vOTU0174","Low-quality","virulent",0,1257.46318925852,709.120636618063,24.3177300709643,0
"vOTU0175","Low-quality","virulent",0,753.120634846115,337.676401324603,0,0
"vOTU0176","Low-quality","virulent",0,583.108701423482,135.329911498656,0,0
"vOTU0177","Low-quality","virulent",0,681.69783351254,389.732102909521,0,0
"vOTU0178","Low-quality","virulent",0,1191.32418276352,663.19759911657,0,0
"vOTU0029","Medium-quality","virulent",1,1773.46712818253,4676.00273229096,31.544899298481,0
"vOTU0179","Low-quality","virulent",0,1305.03529508649,615.318475462476,24.6178270685955,274.08788252191
"vOTU0181","Low-quality","virulent",0,616.944340421732,137.312992032095,0,68.8103683581434
"vOTU0182","Low-quality","virulent",0,654.744605197576,86.7673824815714,0,0
"vOTU0183","Low-quality","virulent",0,1283.58699344187,0,0,0
"vOTU0185","Low-quality","virulent",0,701.279026056499,140.387757022102,12.6375111874277,0
"vOTU0031","Medium-quality","virulent",1,9128.52622544868,18.0534192990556,0,0
"vOTU0186","Low-quality","virulent",0,929.076546846126,387.610425092247,0,0
"vOTU0187","Low-quality","virulent",0,777.102868558171,141.209112127559,0,0
"vOTU0188","Low-quality","virulent",0,4187.27863971264,88.5538553967825,0,0
"vOTU0190","Low-quality","virulent",0,650.101651653801,107.056715267781,0,0
"vOTU0191","Low-quality","virulent",0,1025.76012462987,142.800082931024,0,0
"vOTU0192","Low-quality","virulent",0,681.377376912637,322.39779051672,0,71.8045884033777
"vOTU0193","Low-quality","virulent",0,532.479195155456,35.9741181782181,0,0
"vOTU0194","Not-determined","virulent",0,905.355759700393,71.9659031594565,12.9565495878764,0
"vOTU0195","Low-quality","virulent",0,990.19068839399,252.004109282,0,0
"vOTU0196","Low-quality","temperate",0,3445.09420352274,396.136095347024,0,0
"vOTU0032","High-quality","virulent",1,887.704497255471,48.1819514876845,21.686365760421,0
"vOTU0197","Low-quality","virulent",0,698.548361919351,0,25.9597359071747,0
"vOTU0198","Low-quality","virulent",0,692.884860763966,72.7684625246365,0,0
"vOTU0199","Low-quality","virulent",0,535.993096448296,0,0,0
"vOTU0201","Medium-quality","virulent",1,1907.98996721841,258.642400931588,0,49.37566092429
"vOTU0203","Low-quality","virulent",0,2312.426185884,148.606026182368,0,0
"vOTU0204","Low-quality","virulent",0,1097.14651806702,0,0,0
"vOTU0206","Low-quality","virulent",0,596.304610459816,0,0,0
"vOTU0208","Low-quality","virulent",0,1125.8413812642,74.5987680263624,0,12.4610112519059
"vOTU0033","Medium-quality","virulent",1,1519.98519067323,204.99750502183,0,0
"vOTU0209","Low-quality","virulent",0,663.983007050943,748.20529644695,0,0
"vOTU0210","Low-quality","virulent",0,1187.2200373249,224.538047807297,0,0
"vOTU0211","Low-quality","virulent",0,1503.44347025693,375.794563058185,27.0628052331812,12.554564883851
"vOTU0212","Low-quality","virulent",0,1510.14992941442,602.607962604133,27.1229813317332,88.0773858662428
"vOTU0213","Low-quality","virulent",0,1397.32260140022,113.522927058579,0,75.8516057909261
"vOTU0214","Low-quality","virulent",0,691.295472727114,37.8539861555501,0,0
"vOTU0216","Low-quality","virulent",0,949.700385803874,0,27.3522169079182,0
"vOTU0217","Low-quality","virulent",0,645.10902411332,19.1109565987365,0,0
"vOTU0010","Medium-quality","virulent",1,1133.87911349038,101.954131877945,0,0
"vOTU0034","Low-quality","virulent",0,831.41021951046,181.014076527144,0,0
"vOTU0218","Low-quality","virulent",0,608.337695865315,115.135390271313,0,0
"vOTU0355","Low-quality","virulent",0,691.736681784032,251.905350702878,0,0
"vOTU0219","Low-quality","virulent",0,672.055852883619,76.8909281497057,0,0
"vOTU0221","Low-quality","virulent",0,1273.69521485602,810.609965857103,0,309.495932665611
"vOTU0222","Low-quality","virulent",0,789.072485820323,656.667953832409,0,0
"vOTU0223","Low-quality","virulent",0,796.80843277729,155.177080033048,0,0
"vOTU0224","Low-quality","virulent",0,504.089736445628,77.7254406993695,0,0
"vOTU0225","Low-quality","virulent",0,680.397599433894,38.8730075241708,27.994368699628,0
"vOTU0035","Medium-quality","virulent",1,3354.34170935371,24.2081700813606,0,0
"vOTU0227","Low-quality","virulent",0,1323.59433414059,78.1113881359816,0,0
"vOTU0228","Not-determined","virulent",0,866.491037328569,39.2436269749456,0,0
"vOTU0229","Low-quality","virulent",0,1008.87441071157,118.194320318753,0,0
"vOTU0230","Low-quality","virulent",0,551.569492290097,118.778630551516,0,0
"vOTU0232","Low-quality","virulent",0,528.192866424692,680.54282542462,0,0
"vOTU0233","Low-quality","virulent",0,673.58874756176,8294.14950638495,0,0
"vOTU0036","Low-quality","virulent",0,952.305216197604,146.039613118431,0,0
"vOTU0234","Low-quality","virulent",0,2286.90389096251,200.8533169399,0,0
"vOTU0235","Low-quality","virulent",0,812.515911427233,120.644060912393,0,0
"vOTU0236","Low-quality","temperate",0,1474.64841943165,342.763818613944,0,168.398137139097
"vOTU0237","Low-quality","virulent",0,810.766223185433,161.404031678046,0,13.4804920392745
"vOTU0238","Low-quality","virulent",0,666.828431562087,121.252967066844,0,0
"vOTU0239","Low-quality","virulent",0,3289.96636463812,445.944594072229,0,0
"vOTU0240","Low-quality","virulent",0,815.923920628946,121.823120852431,0,0
"vOTU0241","Low-quality","virulent",0,1525.4163188491,367.128116457661,0,0
"vOTU0037","Medium-quality","virulent",1,812.962321612213,123.563961271728,0,0
"vOTU0242","Low-quality","temperate",0,530.368831452525,40.8184348050187,0,0
"vOTU0243","Low-quality","virulent",0,813.16976752636,81.6672039410977,0,0
"vOTU0244","Low-quality","virulent",0,1685.28140269589,245.753609709899,0,0
"vOTU0245","Low-quality","virulent",0,814.057458673255,82.0322873391778,0,0
"vOTU0246","Low-quality","virulent",0,881.541256376229,289.730116554132,0,110.620862540936
"vOTU0247","Low-quality","virulent",0,1240.55556828469,393.945765364167,0,0
"vOTU0248","Low-quality","virulent",0,951.500000081395,166.483248196755,0,0
"vOTU0249","Low-quality","virulent",0,1753.03206380824,291.593715054557,0,0
"vOTU0251","Low-quality","virulent",0,1136.20478472038,125.455112231409,0,0
"vOTU0252","Low-quality","virulent",0,1246.48868920764,83.6447164707877,0,0
"vOTU0039","Medium-quality","virulent",1,906.87535195423,105.395942060773,8.92950826937527,0
"vOTU0253","Low-quality","virulent",0,1350.95622251751,209.529519262371,0,0
"vOTU0254","Low-quality","virulent",0,639.926375636112,0,0,0
"vOTU0256","Low-quality","virulent",0,1231.32608265086,105.014584925645,0,0
"vOTU0257","Low-quality","virulent",0,2669.47682028185,1092.36075388623,0,0
"vOTU0258","Low-quality","virulent",0,590.887623599868,126.234249343634,0,0
"vOTU0259","Low-quality","virulent",0,564.300176000768,380.410744896332,0,0
"vOTU0260","Low-quality","virulent",0,441.402864851706,42.3369235765124,0,0
"vOTU0261","Low-quality","virulent",0,725.586677813198,42.3735969967682,0,0
"vOTU0262","Low-quality","temperate",0,579.403604745645,42.4757594282202,0,0
"vOTU0310","Low-quality","virulent",0,630.695931268996,0,0,15.6514753910018
"vOTU0040","High-quality","temperate",1,1599.349874873,337.562421263159,9.00352529906821,0
"vOTU0263","Low-quality","virulent",0,1723.99907935041,0,0,0
"vOTU0264","Low-quality","virulent",0,1166.77984372754,192.14164894703,0,0
"vOTU0265","Low-quality","virulent",0,1401.12685506787,42.8977497842811,0,28.6626059303368
"vOTU0266","Low-quality","virulent",0,750.916027661447,42.9019225919875,0,0
"vOTU0268","Low-quality","virulent",0,554.516710307582,43.1964495416414,0,0
"vOTU0269","Low-quality","virulent",0,1750.06622239673,108.033608106122,0,0
"vOTU0270","Low-quality","virulent",0,1378.19323588429,562.381648999646,0,0
"vOTU0271","Low-quality","virulent",0,839.597322382158,86.852913324166,0,87.0476018986749
"vOTU0041","Medium-quality","virulent",1,942.644108839684,6.27198388710285,0,0
"vOTU0272","Low-quality","virulent",0,1537.76950132952,696.196648114832,31.3353174119614,0
"vOTU0274","Low-quality","virulent",0,710.63918703683,480.963546129107,0,0
"vOTU0275","Low-quality","virulent",0,637.083875261482,87.5347786463342,0,0
"vOTU0276","Low-quality","virulent",0,605.816347172217,262.60445948308,0,43.8655176345352
"vOTU0277","Low-quality","virulent",0,914.449296954672,88.0862112441053,0,0
"vOTU0278","Low-quality","virulent",0,543.807419851163,462.498882678625,63.4415838292461,29.4308503441976
"vOTU0279","Low-quality","virulent",0,676.392203523433,264.602742328209,0,0
"vOTU0281","Low-quality","virulent",0,702.059291139014,44.2911395273944,0,0
"vOTU0282","Low-quality","virulent",0,1223.77682503246,266.094771366507,0,44.4485453802857
"vOTU0042","Low-quality","virulent",0,1903.12068071481,37.9540078663564,0,0
"vOTU0283","Low-quality","virulent",0,3079.26507162745,533.910107013182,0,0
"vOTU0285","Low-quality","virulent",0,537.206948658128,89.6187201382756,0,0
"vOTU0286","Low-quality","virulent",0,610.91318902058,44.9327955126183,0,0
"vOTU0287","Low-quality","virulent",0,585.607591789422,44.9924417409974,0,0
"vOTU0288","Low-quality","virulent",0,1013.87727272985,180.931046387074,0,0
"vOTU0289","Low-quality","virulent",0,1166.84208948595,0,16.293861168915,0
"vOTU0290","Low-quality","virulent",0,1293.78815525821,45.2745802018201,0,15.1253645287293
"vOTU0291","Low-quality","virulent",0,656.733832950177,181.303467877318,0,0
"vOTU0292","Low-quality","virulent",0,1276.94620751428,362.868274079036,0,0
"vOTU0056","Low-quality","virulent",0,763.79668122594,17.8002263634612,0,0
"vOTU0293","Low-quality","virulent",0,992.709017077246,454.193099580321,32.7086976584041,0
"vOTU0294","Low-quality","virulent",0,602.484389488193,295.805119634691,0,0
"vOTU0295","Low-quality","virulent",0,677.560779553966,114.267088416572,0,0
"vOTU0296","Low-quality","virulent",0,472.897253204103,0,32.9465373985464,0
"vOTU0297","Low-quality","virulent",0,784.771608311987,414.631943026614,0,0
"vOTU0298","Low-quality","virulent",0,559.547950831044,23.0785458777471,0,0
"vOTU0299","Low-quality","virulent",0,744.392638624379,184.725319301489,0,115.712082050544
"vOTU0300","Low-quality","virulent",0,830.765087884209,208.274598998875,0,30.9246452115232
"vOTU0301","Low-quality","virulent",0,721.31264483679,231.44040214119,0,0
"vOTU0043","Low-quality","virulent",0,763.326350645544,120.659131159725,9.14658477648957,0
"vOTU0302","Low-quality","virulent",0,514.632878424072,185.152313192671,0,0
"vOTU0303","Low-quality","virulent",0,1121.50083616627,509.758454086938,0,356.082605840716
"vOTU0304","Low-quality","virulent",0,428.728243069769,46.3856078267299,0,0
"vOTU0305","Low-quality","virulent",0,1606.98376467197,278.812782072286,0,0
"vOTU0306","Low-quality","virulent",0,3286.25678588218,232.761386534862,0,0
"vOTU0307","Low-quality","virulent",0,710.139878742951,46.57195063621,0,0
"vOTU0308","Low-quality","virulent",0,673.992302368982,209.973596317313,0,0
"vOTU0309","Low-quality","virulent",0,1033.00059822609,140.071462884112,0,0
"vOTU0311","Low-quality","virulent",0,1470.73400730976,632.534342601558,0,39.1328525745387
"vOTU0013","Complete","virulent",1,1555.96388617937,464.581857118653,0,0
"vOTU0044","Medium-quality","temperate",1,1830.86795191465,197.674144424351,0,0
"vOTU0313","Low-quality","virulent",0,1671.78445140864,0,0,0
"vOTU0314","Low-quality","virulent",0,534.974298524927,94.3410838505205,0,0
"vOTU0315","Low-quality","temperate",0,2807.26093439046,755.213547225522,0,31.5377688237389
"vOTU0317","Low-quality","virulent",0,682.067784718186,47.4397987859786,0,0
"vOTU0319","Low-quality","virulent",0,719.264958322247,333.119094629388,0,0
"vOTU0320","Low-quality","virulent",0,1826.21097689661,930.08539565362,0,0
"vOTU0321","Low-quality","virulent",0,562.240097858539,95.7562982938686,0,0
"vOTU0045","High-quality","virulent",1,1161.50077065038,212.948708098675,0,66.6956506986761
"vOTU0322","Low-quality","virulent",0,623.076494374267,0,0,0
"vOTU0323","Low-quality","virulent",0,1819.25440819387,1059.53913974347,0,16.0896162396451
"vOTU0324","Low-quality","virulent",0,558.400179312755,192.769891879611,0,0
"vOTU0325","Low-quality","virulent",0,1913.60550774131,891.853892879682,0,40.2636694263774
"vOTU0326","Low-quality","virulent",0,1401.91145841849,96.6069652966439,191.321377695535,32.2745230410024
"vOTU0327","Low-quality","virulent",0,1447.5541374824,314.282883017483,0,0
"vOTU0328","Low-quality","virulent",0,716.996595374247,241.835826799543,0,0
"vOTU0329","Low-quality","virulent",0,588.082969221591,194.04387414217,34.9351418925141,0
"vOTU0046","Medium-quality","virulent",1,3231.61833639055,1370.74794791372,19.2613238742388,0
"vOTU0330","Low-quality","virulent",0,512.609903259902,48.5430410039629,0,0
"vOTU0331","Low-quality","virulent",0,1303.87319050562,145.886478104838,35.02000420869,0
"vOTU0332","Low-quality","virulent",0,528.117773640287,0,0,16.2945273485375
"vOTU0333","Low-quality","virulent",0,575.641870899103,48.8337082662437,0,0
"vOTU0334","Low-quality","virulent",0,8283.12312589191,391.886328200891,0,0
"vOTU0335","Low-quality","virulent",0,708.056982748583,98.1899888078419,0,0
"vOTU0336","Low-quality","virulent",0,1269.98616340339,49.1662356699467,35.4070324393226,49.27645313881
"vOTU0052","Low-quality","virulent",0,896.970966025703,64.5935424249291,0,0
"vOTU0337","Low-quality","virulent",0,774.624854609473,221.470693331843,0,0
"vOTU0338","Low-quality","virulent",0,724.96290197083,49.4255589478479,0,0
"vOTU0339","Low-quality","virulent",0,632.628425979565,148.359919990642,0,0
"vOTU0340","Low-quality","virulent",0,1701.55276032634,49.4588455563359,0,0
"vOTU0341","Low-quality","virulent",0,1139.52149854521,840.800794081557,0,0
"vOTU0343","Low-quality","virulent",0,517.689751560821,495.479101855486,0,0
"vOTU0344","Low-quality","virulent",0,4142.68723566207,396.918917480858,0,16.5753608037476
"vOTU0345","Low-quality","virulent",0,896.711269147622,347.538903696042,0,91.2261586526981
"vOTU0047","Low-quality","virulent",0,1499.41786904252,530.415407184948,0,0
"vOTU0346","Low-quality","virulent",0,752.871508002481,49.6652088965115,0,0
"vOTU0347","Low-quality","virulent",0,748.520824300083,347.695719471103,0,16.5940551558894
"vOTU0348","Low-quality","virulent",0,1302.88629443224,99.5887527183075,35.8593682535327,0
"vOTU0349","Low-quality","virulent",0,1081.90702110093,49.8056082198153,0,0
"vOTU0350","Low-quality","virulent",0,1303.32863000077,199.245039315294,0,0
"vOTU0351","Low-quality","virulent",0,745.751954641601,398.851082944054,0,74.9521797249152
"vOTU0352","Low-quality","virulent",0,562.288897382653,0,0,0
"vOTU0353","Low-quality","virulent",0,601.572106832584,226.223157067416,0,0
"vOTU0354","Low-quality","virulent",0,716.868772259268,402.633832178177,0,0
"vOTU0048","Medium-quality","virulent",1,1370.30573716359,299.017819456672,0,0
"vOTU0356","Low-quality","virulent",0,699.850657274556,50.3983194498183,0,0
"vOTU0357","Low-quality","virulent",0,459.497014136792,50.6942032542497,0,0
"vOTU0359","Low-quality","virulent",0,716.95016871501,0,0,0
"vOTU0360","Low-quality","virulent",0,709.582710895432,204.068636748342,0,25.5657747753073
"vOTU0361","Low-quality","virulent",0,818.354189660142,51.0526408330118,0,0
"vOTU0363","Low-quality","virulent",0,811.128144999833,255.500185135644,0,0
"vOTU0364","Low-quality","virulent",0,714.571910964426,281.213477797402,0,0
"vOTU0049","Medium-quality","virulent",1,703.992888392859,15.4499357697602,0,0
"vOTU0365","Low-quality","virulent",0,711.507847328053,0,0,0
"vOTU0366","Low-quality","virulent",0,4226.99752153478,256.901174969567,0,0
"vOTU0367","Low-quality","virulent",0,3645.13030780801,0,0,0
"vOTU0368","Low-quality","virulent",0,659.348130835079,102.90448404042,0,0
"vOTU0369","Low-quality","virulent",0,606.508336887683,0,0,0
"vOTU0370","Low-quality","virulent",0,1456.70941716011,205.833016574462,0,0
"vOTU0371","Low-quality","virulent",0,685.071160537734,51.5727251862627,0,0
"vOTU0372","Low-quality","virulent",0,6059.19267190166,4052.73138377653,37.1792576144198,396.695613534613
"vOTU0373","Low-quality","virulent",0,981.433786363767,154.972241823203,0,112.175307620115
"vOTU0050","Medium-quality","virulent",1,894.337565380134,0,5.6721635882018,0
"vOTU0374","Low-quality","virulent",0,784.59275661801,206.726730167813,0,0
"vOTU0375","Low-quality","virulent",0,1737.37235404413,465.681548509457,0,34.5722518834297
"vOTU0376","Low-quality","virulent",0,556.791065338601,51.742389545339,0,0
"vOTU0377","Low-quality","virulent",0,1553.52021885054,285.186293203879,0,0
"vOTU0378","Low-quality","virulent",0,616.723160653303,207.70156535825,0,0
"vOTU0379","Low-quality","virulent",0,1010.42458655714,285.791829587124,0,17.3595512153254
"vOTU0380","Low-quality","virulent",0,753.327505520292,364.509152429495,0,0
"vOTU0455","Low-quality","virulent",0,1038.52227876056,114.293778197359,0,0
"vOTU0381","Low-quality","virulent",0,654.275113508803,235.077880581247,0,87.2609583404813
"vOTU0382","Low-quality","virulent",0,755.830398597689,313.474095326762,0,0
"vOTU0383","Low-quality","virulent",0,2743.32828476838,549.035693571127,0,0
"vOTU0384","Low-quality","virulent",0,756.457769689869,209.156384198579,0,17.4687775210138
"vOTU0385","Low-quality","virulent",0,833.921549440748,0,0,0
"vOTU0386","Low-quality","virulent",0,895.381266400534,52.4947516739651,0,0
"vOTU0387","Low-quality","virulent",0,632.02358511954,105.240459709716,0,0
"vOTU0388","Low-quality","virulent",0,492.227017944549,52.6202085541549,0,0
"vOTU0389","Low-quality","virulent",0,613.594502361976,52.6516803427522,0,0
"vOTU0051","Medium-quality","virulent",1,784.806697950151,111.244103305348,11.44462026592,10.6184222458935
"vOTU0390","Low-quality","virulent",0,510.763862323143,52.7146856919853,0,0
"vOTU0391","Low-quality","virulent",0,3383.91911050639,553.570336318411,75.9339770282217,0
"vOTU0392","Not-determined","virulent",0,642.604405316013,52.9110164010751,0,0
"vOTU0393","Low-quality","virulent",0,1606.89642406987,0,0,0
"vOTU0394","Low-quality","virulent",0,816.342695327038,317.962685954286,0,35.4083839264332
"vOTU0395","Low-quality","virulent",0,643.51021652196,265.416067068656,0,0
"vOTU0396","Low-quality","virulent",0,874.815742394736,53.0959640145125,0,0
"vOTU0397","Low-quality","virulent",0,545.606890318692,53.1279789710348,0,0
"vOTU0398","Low-quality","virulent",0,710.746924689527,133.093007528816,0,0
"vOTU0014","Medium-quality","virulent",1,4986.28551981325,331.421599010508,0,2.66798873758251
"vOTU0054","Low-quality","virulent",0,1585.99364166338,365.158738666425,0,0
"vOTU0399","Low-quality","virulent",0,706.504985309774,319.654984201648,0,0
"vOTU0400","Low-quality","virulent",0,1072.68927994981,213.309691111438,38.4037074748874,0
"vOTU0401","Low-quality","virulent",0,729.809682210608,159.982350341285,0,17.8156621705585
"vOTU0402","Low-quality","virulent",0,1868.93464866989,106.913766250335,0,0
"vOTU0403","Low-quality","virulent",0,885.643292601634,240.585113424878,0,17.8610679582123
"vOTU0404","Low-quality","virulent",0,360.507922490325,106.939774408627,0,0
"vOTU0406","Low-quality","virulent",0,540.027014673932,53.5153152134788,0,0
"vOTU0407","Low-quality","virulent",0,771.36357953675,107.134839855962,0,0
"vOTU0408","Not-determined","virulent",0,772.020791202369,53.6130321882267,0,0
"vOTU0055","Low-quality","temperate",0,1587.24119334812,532.92727127872,0,0
"vOTU0409","Low-quality","virulent",0,1896.82048478607,1636.9916111938,38.6517571359314,0
"vOTU0410","Low-quality","virulent",0,768.26174180902,268.424599652934,0,0
"vOTU0411","Not-determined","virulent",0,1379.97743852428,322.778348875488,0,0
"vOTU0412","Low-quality","virulent",0,894.763195021201,0,0,0
"vOTU0413","Low-quality","virulent",0,732.714308501988,645.635808561704,0,98.8599208946425
"vOTU0414","Low-quality","virulent",0,1147.25859598211,322.857459686216,0,0
"vOTU0415","Low-quality","virulent",0,399.618655822613,107.829909483884,0,0
"vOTU0416","Low-quality","virulent",0,639.227411136012,0,0,0
"vOTU0417","Low-quality","virulent",0,797.70863539353,296.859248821901,0,0
"vOTU0418","Low-quality","virulent",0,1009.32571043629,162.042392444525,0,0
"vOTU0419","Low-quality","virulent",0,776.780566396698,135.068424069336,0,63.1732717507042
"vOTU0420","Low-quality","virulent",0,432.449446466764,0,0,0
"vOTU0421","Low-quality","virulent",0,3542.12735942986,243.841138876643,0,0
"vOTU0422","Low-quality","virulent",0,1576.44298037968,0,0,72.4735645729995
"vOTU0424","Low-quality","virulent",0,1747.05316337102,1468.28578374993,0,54.5028256853076
"vOTU0425","Low-quality","virulent",0,609.465381921321,163.142850660635,0,0
"vOTU0057","Low-quality","virulent",0,585.982456503144,162.914911838449,0,0
"vOTU0427","Low-quality","virulent",0,1865.90787975823,980.066749583202,0,163.710630993488
"vOTU0428","Low-quality","virulent",0,821.735809728235,327.661343318692,0,0
"vOTU0429","Low-quality","virulent",0,1667.46296113472,437.098241734654,0,0
"vOTU0430","Low-quality","virulent",0,2244.98543530544,437.207067025987,0,0
"vOTU0431","Low-quality","virulent",0,1110.86306721278,273.695842008667,0,0
"vOTU0432","Low-quality","virulent",0,1306.46344815344,905.785340729977,0,0
"vOTU0433","Low-quality","virulent",0,1721.78088212145,576.768335473224,0,0
"vOTU0434","Low-quality","virulent",0,1115.76876161281,330.612811319787,39.6817247341068,36.8170994645499
"vOTU0435","Not-determined","virulent",0,1066.53229480524,193.074768840825,0,0
"vOTU0436","Low-quality","virulent",0,806.755050906941,110.508366375368,0,0
"vOTU0058","Low-quality","virulent",0,1798.66577871595,443.889672657976,13.3194518815165,0
"vOTU0437","Low-quality","virulent",0,549.35256538274,110.591652123873,0,0
"vOTU0438","Low-quality","virulent",0,424.072178848347,304.585823205798,79.762599429477,0
"vOTU0439","Low-quality","virulent",0,499.384225555126,111.00977853242,0,0
"vOTU0442","Low-quality","virulent",0,1615.58254761546,167.12542178906,0,0
"vOTU0444","Low-quality","virulent",0,630.049673131137,280.529363121003,0,37.487763441197
"vOTU0445","Low-quality","virulent",0,535.306044209239,56.2851436003039,0,0
"vOTU0447","Low-quality","virulent",0,573.211769646232,141.073426649816,0,0
"vOTU0448","Low-quality","virulent",0,562.594637426659,0,0,0
"vOTU0059","Medium-quality","virulent",1,757.375876650172,340.75906035512,0,0
"vOTU0449","Low-quality","virulent",0,1487.10030350357,169.63590133714,0,0
"vOTU0450","Low-quality","virulent",0,1478.26428200916,282.726360223881,40.7210371439787,0
"vOTU0451","Low-quality","virulent",0,593.117229754894,284.442919971895,0,114.0321346639
"vOTU0452","Low-quality","virulent",0,2425.46409966384,227.76010928822,0,0
"vOTU0454","Low-quality","virulent",0,617.333921691351,57.0137107136731,0,0
"vOTU0456","Low-quality","virulent",0,2548.67115356837,287.412642675412,0,0
"vOTU0457","Low-quality","virulent",0,2931.45812009318,2043.56400724812,20.7277594699071,0
"vOTU0060","Medium-quality","virulent",1,710.098557338446,209.005436767178,0,3.17384604150679
"vOTU0458","Low-quality","virulent",0,475.157155330878,634.460948581286,0,0
"vOTU0460","Low-quality","virulent",0,3276.73656438023,1067.32795478137,0,86.7340413614206
"vOTU0461","Low-quality","virulent",0,1148.27928740372,347.525952868653,0,0
"vOTU0463","Low-quality","virulent",0,2023.78840967718,173.991745983927,0,0
"vOTU0464","Low-quality","virulent",0,383.465989372626,174.083517932484,0,0
"vOTU0465","Low-quality","virulent",0,700.211764165665,174.244127362739,0,0
"vOTU0466","Low-quality","virulent",0,533.360966124327,290.637015282605,0,0
"vOTU0061","Medium-quality","virulent",1,1086.86832203138,396.662691325165,0,0
"vOTU0467","Low-quality","virulent",0,1600.92783001545,581.580888491797,0,0
"vOTU0468","Low-quality","virulent",0,871.687371723394,116.37764726691,0,0
"vOTU0469","Low-quality","virulent",0,1272.47865422466,58.2195988890662,0,0
"vOTU0470","Low-quality","virulent",0,457.823041856032,58.258089259283,0,0
"vOTU0471","Low-quality","virulent",0,504.712673396373,116.531576796723,0,0
"vOTU0472","Low-quality","virulent",0,585.533313928307,116.825228287486,0,0
"vOTU0473","Low-quality","virulent",0,447.835174226872,0,0,0
"vOTU0474","Low-quality","virulent",0,1025.20123106244,58.4979884261711,0,156.344330744529
"vOTU0475","Low-quality","virulent",0,961.591027411825,292.606584780168,0,0
"vOTU0476","Low-quality","virulent",0,2019.89827747569,1054.08360370588,0,0
"vOTU0062","Low-quality","virulent",0,995.897500325443,363.068351581773,0,0
"vOTU0477","Low-quality","virulent",0,494.715170497717,58.6225293761343,0,0
"vOTU0479","Low-quality","virulent",0,1281.50953825888,88.3099580879522,0,0
"vOTU0480","Low-quality","virulent",0,680.761630461516,236.377926383926,0,0
"vOTU0481","Low-quality","virulent",0,438.185931193331,0,0,0
"vOTU0482","Low-quality","virulent",0,1257.97359489015,118.252492538489,0,0
"vOTU0483","Low-quality","virulent",0,850.546416001032,0,0,0
"vOTU0484","Low-quality","virulent",0,410.966055183983,236.759208966594,0,0
"vOTU0485","Low-quality","virulent",0,539.620799381849,0,0,0
"vOTU0063","Low-quality","virulent",0,864.178692491204,59.1871513691673,0,0
"vOTU0486","Low-quality","virulent",0,1003.6170050066,535.877077824986,0,0
"vOTU0487","Low-quality","virulent",0,2188.76924638634,0,0,69.8573200941854
"vOTU0488","Low-quality","virulent",0,876.307914876674,119.487579717475,0,0
"vOTU0489","Low-quality","virulent",0,605.956753661539,239.137379198348,0,229.687045400355
"vOTU0490","Low-quality","virulent",0,491.772865988308,119.714909339557,0,0
"vOTU0491","Low-quality","virulent",0,3925.62282985094,359.584579014149,0,0
"vOTU0492","Low-quality","virulent",0,1453.28625997253,0,0,0
"vOTU0493","Low-quality","virulent",0,3922.93358299163,1080.22340034265,0,0
"vOTU0494","Low-quality","virulent",0,794.351702707479,60.1025320375517,0,0
"vOTU0015","Complete","virulent",1,1633.41738351578,8.65848290671447,0,0
"vOTU0495","Low-quality","virulent",0,830.921193631043,240.508503316676,0,0
"vOTU0496","Low-quality","virulent",0,438.327631972585,0,0,1297.7572149353
"vOTU0497","Low-quality","virulent",0,633.375830478799,180.702063830444,0,0
"vOTU0498","Low-quality","virulent",0,589.401898599259,301.37625458715,0,10.0683936466031
"vOTU0499","Low-quality","virulent",0,481.721458310806,0,0,424.033301026525
"vOTU0501","Low-quality","virulent",0,1175.77731590685,120.931119835596,0,0
"vOTU0502","Low-quality","virulent",0,2262.35145063028,0,0,0
"vOTU0503","Low-quality","virulent",0,2482.56337781008,424.424557791699,0,0
"vOTU0504","Low-quality","virulent",0,480.870486648657,182.021386769286,0,0
"vOTU0505","Low-quality","virulent",0,587.012231922606,91.0860233205988,0,0
"vOTU0506","Low-quality","virulent",0,566.49260727274,0,0,0
"vOTU0507","Low-quality","virulent",0,753.225448362298,427.070211600651,0,0
"vOTU0508","Low-quality","virulent",0,14513.6385592976,2721.73267762349,0,0
"vOTU0509","Low-quality","virulent",0,845.90475674719,307.049100396158,0,317.995401360226
"vOTU0065","Low-quality","virulent",0,760.565031011667,40.3880029803818,0,0
"vOTU0510","Low-quality","virulent",0,657.80811756231,0,0,0
"vOTU0511","Low-quality","virulent",0,1755.65875332083,615.815612568447,0,0
"vOTU0512","Low-quality","virulent",0,830.318390079244,432.461802928009,0,0
"vOTU0513","Low-quality","virulent",0,1391.87483920188,216.261127161479,0,206.424706522424
"vOTU0885","Low-quality","virulent",0,804.021894063257,590.390305410469,0,0
"vOTU0514","Low-quality","virulent",0,534.375713399575,247.398505372933,0,0
"vOTU0515","Low-quality","virulent",0,928.821356014476,185.731500606376,0,0
"vOTU0066","Low-quality","virulent",0,685.923666173136,81.8759657404246,14.74073040896,0
"vOTU0517","Low-quality","virulent",0,948.972084065308,0,0,0
"vOTU0520","Not-determined","virulent",0,503.711995532055,0,0,0
"vOTU0521","Low-quality","virulent",0,533.982417038483,124.573944752091,0,0
"vOTU0522","Low-quality","virulent",0,688.43425308513,0,0,10.4059059289273
"vOTU0523","Low-quality","virulent",0,525.160584796657,125.12246980391,0,0
"vOTU0524","Low-quality","virulent",0,1351.57151357032,125.211404498835,0,0
"vOTU0525","Low-quality","virulent",0,480.160209095814,0,0,0
"vOTU0526","Low-quality","virulent",0,913.144652702924,188.486938238293,0,0
"vOTU0067","Medium-quality","virulent",1,825.709998870329,349.499569499774,14.8054116045047,0
"vOTU0527","Low-quality","virulent",0,484.339351445519,0,0,0
"vOTU0528","Low-quality","virulent",0,879.183347739581,189.02625073609,0,0
"vOTU0529","Not-determined","virulent",0,384.082311063717,63.0177334618177,0,0
"vOTU0530","Low-quality","virulent",0,441.052375931709,189.35137188538,0,0
"vOTU0531","Low-quality","virulent",0,4575.94791429639,1610.17913835811,45.4732860427944,0
"vOTU0532","Low-quality","virulent",0,568.932199985114,252.939776739867,0,31.6883300273007
"vOTU0533","Low-quality","virulent",0,2137.07065663424,190.305975668163,0,0
"vOTU0534","Low-quality","virulent",0,1722.43948395033,1015.98925615819,137.186936586154,42.4277818920426
"vOTU0535","Low-quality","virulent",0,967.252467290651,127.053602183014,0,0
"vOTU0536","Low-quality","virulent",0,834.297420824418,63.5542768682321,0,0
"vOTU0537","Low-quality","virulent",0,731.141578455931,254.364090843512,0,0
"vOTU0538","Low-quality","virulent",0,1737.28678709861,509.022024884113,0,42.5135665734412
"vOTU0539","Low-quality","virulent",0,964.528154761505,190.883254538884,0,0
"vOTU0540","Low-quality","virulent",0,629.46889647652,63.6461084587571,0,0
"vOTU0541","Low-quality","virulent",0,2413.99525276383,0,0,53.3423198040704
"vOTU0542","Low-quality","virulent",0,618.827028938241,191.602932868916,0,0
"vOTU0068","Medium-quality","virulent",1,1778.45829365475,166.263169333954,0,0
"vOTU0543","Low-quality","virulent",0,456.741518807611,319.662588552598,0,0
"vOTU0544","Low-quality","virulent",0,562.323244002523,0,0,0
"vOTU0545","Low-quality","virulent",0,921.734735141874,256.437330862295,0,0
"vOTU0546","Low-quality","virulent",0,4452.25813818379,0,0,0
"vOTU0547","Low-quality","virulent",0,448.769747431314,0,0,0
"vOTU0548","Low-quality","virulent",0,923.664497462586,225.202182424336,0,0
"vOTU0069","Low-quality","virulent",0,1130.43052590246,292.20170101864,0,0
"vOTU0549","Low-quality","virulent",0,989.318504757951,64.4093722871491,0,0
"vOTU0550","Low-quality","virulent",0,1315.06750412999,64.4470340600215,0,0
"vOTU0551","Low-quality","virulent",0,800.058298923943,64.5698879943117,0,0
"vOTU0552","Low-quality","virulent",0,572.46172863047,64.5887966283136,0,0
"vOTU0553","Low-quality","virulent",0,588.668803194277,64.6267523508865,46.5409124159664,0
"vOTU0554","Low-quality","virulent",0,726.31850289658,129.61487112719,0,0
"vOTU0555","Low-quality","virulent",0,1516.97599054899,97.4405555258703,23.390571724267,0
"vOTU0556","Low-quality","virulent",0,508.717709781852,0,0,0
"vOTU0070","Low-quality","virulent",0,1041.3824917326,512.825009786031,0,0
"vOTU0557","Low-quality","virulent",0,5921.19380153763,781.599473484793,0,0
"vOTU0559","Low-quality","virulent",0,770.626793008628,392.249760794493,0,0
"vOTU0560","Low-quality","virulent",0,835.589745353478,0,0,0
"vOTU0561","Low-quality","virulent",0,1789.37467050034,327.40954770921,0,32.8143315908872
"vOTU0562","Low-quality","virulent",0,4368.66594354018,65.5110787244513,47.1777592927392,43.7719954915271
"vOTU0563","Low-quality","virulent",0,755.35472307924,196.70883916841,0,0
"vOTU0564","Low-quality","virulent",0,1097.74308985248,0,0,0
"vOTU0565","Not-determined","virulent",0,334.358783779962,328.435027450963,0,0
"vOTU0566","Not-determined","virulent",0,817.442362402843,197.207914638349,0,0
"vOTU0071","Medium-quality","temperate",1,2258.09220611477,365.842299524547,0,0
"vOTU0567","Low-quality","virulent",0,512.338629677427,65.7556257047213,0,0
"vOTU0568","Low-quality","virulent",0,653.658935627705,164.487329729652,0,0
"vOTU0569","Low-quality","virulent",0,751.616765818122,65.8834938244842,0,0
"vOTU0570","Low-quality","virulent",0,563.42904697134,0,0,0
"vOTU0571","Low-quality","virulent",0,924.034568509893,132.02378040336,0,44.106551592442
"vOTU0572","Low-quality","virulent",0,2622.47228455752,1060.64108900879,0,88.5849295916792
"vOTU0573","Low-quality","virulent",0,572.121665934927,132.779993699078,0,0
"vOTU0574","Low-quality","virulent",0,1227.43050963798,66.3999677085863,0,221.82958574968
"vOTU0016","Medium-quality","virulent",1,2494.12138690543,531.943157502081,0,0
"vOTU0072","Low-quality","virulent",0,983.229637613152,0,15.8897974281736,0
"vOTU0575","Low-quality","virulent",0,1422.28777641085,864.503470791183,0,0
"vOTU0577","Low-quality","virulent",0,777.566176417266,100.082886425164,0,0
"vOTU0578","Low-quality","virulent",0,475.32349555551,0,0,0
"vOTU0579","Low-quality","virulent",0,1516.98186279034,300.658591303617,0,89.2837194868902
"vOTU0580","Low-quality","virulent",0,401.429583152876,0,0,0
"vOTU0581","Low-quality","virulent",0,483.579651191929,66.8535193161968,0,0
"vOTU0582","Low-quality","virulent",0,586.742396440055,0,0,0
"vOTU0073","Medium-quality","virulent",1,1687.79122262126,176.738109516391,0,0
"vOTU0583","Low-quality","virulent",0,1104.65651555747,569.11938085085,0,0
"vOTU0584","Low-quality","virulent",0,728.188368355426,133.951131907691,0,0
"vOTU0585","Low-quality","virulent",0,520.515498071327,268.76040523482,0,0
"vOTU0586","Low-quality","virulent",0,2594.36773741112,1142.58099519931,48.4016766213612,0
"vOTU0587","Low-quality","virulent",0,388.74841801628,0,0,0
"vOTU0588","Not-determined","virulent",0,540.923334420375,67.3030387007404,0,0
"vOTU0589","Low-quality","virulent",0,904.008931184185,303.188092379425,0,0
"vOTU0074","Medium-quality","virulent",1,704.715629478383,0,0,0
"vOTU0590","Low-quality","virulent",0,551.794123498345,67.5300594626294,48.6317242576019,0
"vOTU0591","Low-quality","virulent",0,986.148309347131,473.509173428111,48.7138871882157,0
"vOTU0592","Low-quality","virulent",0,539.548750575619,236.936516017886,268.132151064535,0
"vOTU0593","Low-quality","virulent",0,5499.9527620745,609.452581382701,0,22.6229270415171
"vOTU0594","Low-quality","virulent",0,581.158973482147,135.579862467263,0,0
"vOTU0595","Low-quality","virulent",0,456.52769731713,0,0,0
"vOTU0596","Low-quality","virulent",0,728.242536785925,0,0,0
"vOTU0598","Low-quality","virulent",0,1242.03657152388,204.534696128721,0,0
"vOTU0075","Low-quality","virulent",0,730.866182320338,66.9925234434579,0,0
"vOTU0599","Low-quality","virulent",0,2096.0367762409,1023.46576028954,0,0
"vOTU0600","Low-quality","virulent",0,669.550682814675,136.631378058222,0,0
"vOTU0601","Low-quality","virulent",0,1089.48036689307,0,0,0
"vOTU0602","Low-quality","virulent",0,719.137302985592,68.3899028082323,0,0
"vOTU0603","Low-quality","virulent",0,502.561395750581,68.421804871029,0,0
"vOTU0604","Low-quality","virulent",0,634.028440224658,68.4324403120082,0,0
"vOTU0605","Low-quality","virulent",0,538.447693336553,0,0,0
"vOTU0076","Low-quality","virulent",0,954.039157245228,111.750559468856,0,0
"vOTU0606","Low-quality","virulent",0,1034.22533205869,205.584854864902,0,22.8939649181929
"vOTU0607","Low-quality","virulent",0,558.942055364407,342.961638242169,0,0
"vOTU0608","Low-quality","virulent",0,744.351508966531,0,0,114.594678226327
"vOTU0610","Low-quality","temperate",0,2487.81436000204,516.857019845985,0,0
"vOTU0611","Low-quality","virulent",0,1181.9664186164,137.871705210132,0,0
"vOTU0612","Low-quality","virulent",0,712.677310186874,68.9466754922311,0,0
"vOTU0613","Low-quality","virulent",0,733.606409821985,0,0,0
"vOTU0614","Low-quality","virulent",0,512.156446385291,69.0980744985343,0,0
"vOTU0615","Low-quality","virulent",0,470.948507964384,0,0,0
"vOTU0616","Low-quality","virulent",0,1801.28525376058,138.631151952557,0,0
"vOTU0618","Low-quality","virulent",0,1309.28229178431,173.507389299721,0,0
"vOTU0619","Low-quality","virulent",0,2359.373173643,138.87159428737,0,46.3943185947474
"vOTU0620","Low-quality","virulent",0,1121.13349750883,347.28840742944,0,0
"vOTU0621","Not-determined","virulent",0,440.389987106361,173.644288917532,0,0
"vOTU0622","Low-quality","virulent",0,1224.03132078248,349.216014542206,0,0
"vOTU0623","Low-quality","virulent",0,1327.27778741456,349.715281718471,0,0
"vOTU0003","Low-quality","virulent",0,357.982259497453,0,0,2795.41627865869
"vOTU0624","Low-quality","virulent",0,1062.79275563421,140.220099189243,0,0
"vOTU0625","Low-quality","virulent",0,856.727800907658,175.386814222432,0,0
"vOTU0626","Low-quality","virulent",0,1960.60189423273,350.997307126462,0,0
"vOTU0627","Low-quality","virulent",0,854.411788915485,0,0,0
"vOTU0628","Low-quality","virulent",0,420.218238828296,70.2330121624968,0,293.293539427736
"vOTU0629","Low-quality","virulent",0,509.83676723831,105.399967893629,0,0
"vOTU0078","Medium-quality","virulent",1,936.773305580143,126.316497747905,0,0
"vOTU0630","Low-quality","virulent",0,1107.01356133416,351.669770318351,0,0
"vOTU0631","Low-quality","virulent",0,1419.94257099021,633.20791343,50.6671323837768,0
"vOTU0633","Low-quality","virulent",0,846.812844944684,352.514257987203,101.545110652074,0
"vOTU0634","Low-quality","virulent",0,589.526126464427,141.209112127559,0,0
"vOTU0635","Low-quality","virulent",0,513.86486115925,141.209112127559,0,0
"vOTU0636","Low-quality","virulent",0,1003.3457074558,176.936943058076,0,0
"vOTU0637","Low-quality","virulent",0,1641.43934457945,1170.98235136957,51.1079789764447,0
"vOTU0638","Low-quality","virulent",0,813.190763785262,248.51038076582,0,0
"vOTU0079","Low-quality","virulent",0,2210.65559326804,299.362507431684,0,15.3863410602422
"vOTU0639","Low-quality","virulent",0,2220.30692154647,390.705268124847,0,0
"vOTU0640","Low-quality","virulent",0,1195.9868622446,710.487332320249,51.1657209351814,0
"vOTU0641","Low-quality","virulent",0,3966.1130125994,923.782517652984,0,0
"vOTU0642","Low-quality","virulent",0,1079.30545040036,213.283853358769,0,23.7513268025486
"vOTU0644","Low-quality","virulent",0,456.045574317352,0,0,0
"vOTU0645","Low-quality","virulent",0,1041.47436234946,142.442231121593,0,0
"vOTU0646","Low-quality","virulent",0,1339.8211346417,285.43830182039,0,0
"vOTU0647","Low-quality","virulent",0,640.645042105183,0,0,0
"vOTU0648","Low-quality","virulent",0,376.466445450468,71.4521813261745,0,0
"vOTU0080","Low-quality","virulent",0,698.113432565438,138.362635291266,0,0
"vOTU0649","Low-quality","virulent",0,372.042826113553,143.04365646917,0,0
"vOTU0650","Low-quality","virulent",0,523.90402101906,71.5450481308625,0,0
"vOTU0651","Low-quality","virulent",0,498.590969636624,71.5799301620008,0,0
"vOTU0652","Low-quality","virulent",0,4669.93517456286,143.369514622782,0,0
"vOTU0653","Low-quality","virulent",0,449.719133064981,179.855999909575,0,0
"vOTU0654","Low-quality","virulent",0,1004.00138514816,215.862409953453,0,0
"vOTU0655","Low-quality","virulent",0,695.913211585541,0,0,0
"vOTU0017","Medium-quality","virulent",1,1654.8898931758,240.26434613927,0,0
"vOTU0081","Low-quality","virulent",0,894.451798450825,253.864120744049,16.6199985657253,0
"vOTU0656","Low-quality","virulent",0,739.427838317442,144.002305255441,0,0
"vOTU0657","Low-quality","virulent",0,1684.88602108991,144.025938385356,0,0
"vOTU0658","Low-quality","virulent",0,695.215373597047,72.083634274689,0,0
"vOTU0659","Low-quality","virulent",0,691.06616769411,144.309024727459,0,48.2108599520405
"vOTU0660","Low-quality","virulent",0,425.271386407278,0,0,445.950482896418
"vOTU0661","Low-quality","virulent",0,830.826087289351,289.044319122201,0,193.128162776875
"vOTU0662","Low-quality","virulent",0,2248.00184989764,216.854456111868,0,0
"vOTU0663","Low-quality","virulent",0,445.404401860702,216.854456111868,0,0
"vOTU0665","Low-quality","virulent",0,704.076130410171,0,0,0
"vOTU0083","Low-quality","virulent",0,1994.49239674311,303.471860344022,0,0
"vOTU0666","Low-quality","virulent",0,622.657144436205,72.630497871679,0,0
"vOTU0667","Low-quality","virulent",0,501.788896407661,145.476920969085,0,0
"vOTU0668","Low-quality","virulent",0,501.954493613998,72.762428035493,0,0
"vOTU0669","Low-quality","virulent",0,1021.67333226367,364.35418981559,0,0
"vOTU0670","Low-quality","virulent",0,393.766979292072,72.8828472994369,0,0
"vOTU0084","Medium-quality","virulent",1,947.460593107713,399.921336763392,0,7.85918071001758
"vOTU0671","Low-quality","virulent",0,891.818637488576,109.342429798414,0,0
"vOTU0672","Low-quality","virulent",0,1151.14817691197,218.793450580427,0,0
"vOTU0673","Low-quality","virulent",0,1104.8809070824,146.419903088342,0,0
"vOTU0674","Low-quality","virulent",0,1216.22531439084,146.444347775038,0,24.4621026467544
"vOTU0675","Low-quality","virulent",0,480.765002019175,109.869777691368,0,171.291605181379
"vOTU0676","Low-quality","virulent",0,643.404659987482,219.995672904844,0,0
"vOTU0087","Low-quality","virulent",0,641.730999295038,83.3518381955415,34.3004312641793,0
"vOTU0677","Low-quality","virulent",0,702.810218983063,146.761438559319,0,0
"vOTU0678","Low-quality","virulent",0,2366.42396185915,293.620753848658,0,0
"vOTU0679","Low-quality","virulent",0,635.853484902516,293.620753848658,0,0
"vOTU0681","Low-quality","virulent",0,506.642124128768,146.883811097723,0,0
"vOTU0682","Low-quality","virulent",0,567.402541031804,0,0,0
"vOTU0683","Low-quality","virulent",0,536.871511850676,73.5399952859108,0,0
"vOTU0684","Low-quality","virulent",0,864.457300383296,331.262014144064,0,0
"vOTU0685","Low-quality","virulent",0,506.522833740009,220.989020536208,0,0
"vOTU0686","Low-quality","virulent",0,1592.19424917234,36.8376486755002,0,0
"vOTU0687","Low-quality","virulent",0,527.990405923617,73.6753399524064,0,0
"vOTU0688","Low-quality","virulent",0,1201.12718264735,700.150271587959,0,0
"vOTU0689","Low-quality","virulent",0,1015.36944521178,73.7122966720113,0,0
"vOTU0690","Low-quality","virulent",0,392.519978878974,0,0,0
"vOTU0730","Low-quality","virulent",0,730.746364628273,152.240277565928,0,0
"vOTU0691","Low-quality","virulent",0,2134.76082847175,148.019202466658,0,0
"vOTU0692","Low-quality","virulent",0,322.630671431842,148.218502493738,0,0
"vOTU0089","Low-quality","virulent",0,1176.6931458756,217.795608500742,0,0
"vOTU0693","Low-quality","virulent",0,7158.49518937589,556.287411384329,0,359.300032067263
"vOTU0694","Low-quality","virulent",0,455.758625445697,296.936527772176,0,0
"vOTU0695","Low-quality","virulent",0,974.809418743649,223.153853577643,0,0
"vOTU0696","Low-quality","virulent",0,450.572597433666,74.4726678649438,0,0
"vOTU0698","Low-quality","virulent",0,1709.68749239244,1718.39169366965,0,0
"vOTU0699","Low-quality","virulent",0,1543.15024807137,709.890657029429,0,0
"vOTU0701","Low-quality","virulent",0,939.874448226243,672.985144314354,0,12.4906247078556
"vOTU0702","Low-quality","virulent",0,728.107115709676,0,0,0
"vOTU0090","Low-quality","virulent",0,880.952138742048,896.810928566313,0,0
"vOTU0703","Low-quality","virulent",0,676.798035322202,112.278488871001,0,0
"vOTU0704","Not-determined","virulent",0,342.693219988953,0,0,0
"vOTU0705","Low-quality","virulent",0,618.624568437166,0,0,0
"vOTU0706","Low-quality","virulent",0,1299.20751498303,149.985099723033,0,0
"vOTU0707","Low-quality","virulent",0,676.506987865761,375.026566213599,0,0
"vOTU0709","Low-quality","virulent",0,960.481964749844,75.082038374718,0,0
"vOTU0710","Low-quality","virulent",0,3987.80770869779,150.292221778337,0,0
"vOTU0711","Low-quality","virulent",0,751.59380415599,225.438343317857,0,0
"vOTU0091","Low-quality","virulent",0,563.663361385749,231.741636682201,43.9180522921373,0
"vOTU0712","Low-quality","virulent",0,555.970773141514,0,0,0
"vOTU0713","Low-quality","virulent",0,1110.64164776103,225.784959006486,0,75.4304047308526
"vOTU0714","Not-determined","virulent",0,618.54139832485,112.931095547607,0,0
"vOTU0715","Low-quality","virulent",0,553.651693202835,150.755171256086,0,0
"vOTU0716","Not-determined","virulent",0,345.039599857871,0,0,0
"vOTU0717","Low-quality","virulent",0,412.505660995106,452.497861835952,0,0
"vOTU0718","Low-quality","virulent",0,793.157168973303,226.287676896628,0,0
"vOTU0719","Low-quality","virulent",0,679.927268853499,5441.15337694962,0,0
"vOTU0720","Low-quality","virulent",0,528.8082293825,0,0,0
"vOTU0092","Low-quality","virulent",0,1654.46157908154,379.344538210554,0,0
"vOTU0721","Low-quality","virulent",0,750.387717685752,227.104443830671,0,0
"vOTU0722","Low-quality","virulent",0,1119.01419361803,302.858059288036,81.7885627667122,278.242217985562
"vOTU0723","Low-quality","virulent",0,1464.67409391012,227.534769151793,0,405.412632997448
"vOTU0724","Low-quality","virulent",0,437.163298336829,227.691499724043,0,0
"vOTU0726","Low-quality","virulent",0,733.384654813586,0,54.7610923477149,228.635188947479
"vOTU0727","Low-quality","virulent",0,485.527869128343,304.165240826201,0,0
"vOTU0728","Low-quality","virulent",0,635.250441667397,76.0806941412555,0,0
"vOTU0729","Low-quality","virulent",0,567.40687929991,76.0938217644789,0,0
"vOTU0731","Low-quality","virulent",0,564.301829815682,76.1333132677339,0,0
"vOTU0093","Low-quality","virulent",0,3665.64048893504,1445.69851834988,35.5937817679183,0
"vOTU0732","Low-quality","virulent",0,463.039965048113,381.259897419128,0,0
"vOTU0733","Low-quality","virulent",0,1139.86067441246,190.79497590561,0,0
"vOTU0735","Low-quality","virulent",0,718.431962909157,305.74877768434,0,0
"vOTU0736","Low-quality","virulent",0,635.806818559957,76.5567627219463,0,0
"vOTU0737","Low-quality","virulent",0,383.051145480995,76.5967100602444,0,0
"vOTU0738","Low-quality","virulent",0,2830.15860107592,268.415397749263,0,0
"vOTU0739","Low-quality","virulent",0,703.810225734082,230.110418200526,0,0
"vOTU0020","Low-quality","virulent",0,1126.66955904254,155.84638007055,0,0
"vOTU0094","Low-quality","virulent",0,547.002638200674,197.991098884133,0,0
"vOTU0740","Low-quality","virulent",0,717.634224912557,0,0,0
"vOTU0741","Low-quality","virulent",0,608.549504015901,76.7837174516563,0,0
"vOTU0742","Low-quality","virulent",0,452.949920419298,0,0,0
"vOTU0743","Low-quality","virulent",0,587.390715854472,0,0,25.7012275868774
"vOTU0744","Low-quality","virulent",0,479.27124762732,76.9446293518936,0,0
"vOTU0745","Low-quality","virulent",0,1209.95100426074,269.824929165066,0,0
"vOTU0746","Low-quality","virulent",0,616.486737025671,231.400016008412,0,0
"vOTU0747","Low-quality","virulent",0,959.84289711161,77.1873785528353,0,0
"vOTU0748","Low-quality","virulent",0,679.07445162978,270.203208348619,0,0
"vOTU0280","Low-quality","virulent",0,1253.06320269703,154.925550682353,0,0
"vOTU0749","Low-quality","virulent",0,2984.49165006878,463.368164365702,55.6156570142038,77.4011486723869
"vOTU0750","Low-quality","virulent",0,2096.41861573925,154.700104042412,0,51.6823187697042
"vOTU0751","Low-quality","virulent",0,694.201105688441,154.700104042412,0,0
"vOTU0752","Low-quality","virulent",0,647.689454744993,348.136324511465,0,206.765555372516
"vOTU0753","Low-quality","virulent",0,2264.71952183973,309.508948173344,0,25.8502181222597
"vOTU0754","Low-quality","virulent",0,3379.58947099956,1664.78084906361,0,530.302568806618
"vOTU0755","Low-quality","virulent",0,674.308037207464,0,0,0
"vOTU0756","Low-quality","virulent",0,743.045067089876,0,0,0
"vOTU0757","Low-quality","virulent",0,435.43240126738,77.7049068217331,0,0
"vOTU0759","Low-quality","virulent",0,747.958479292835,388.661636083154,0,12.9844291802828
"vOTU0760","Low-quality","virulent",0,941.252747162472,350.042609620586,0,0
"vOTU0761","Low-quality","virulent",0,444.73376792912,0,0,0
"vOTU0762","Low-quality","virulent",0,399.848152602274,155.739407940374,0,0
"vOTU0763","Low-quality","virulent",0,1505.64028773367,155.932466861492,0,0
"vOTU0764","Low-quality","virulent",0,534.239117875054,117.302374683746,0,0
"vOTU0765","Low-quality","virulent",0,557.034343909208,0,0,0
"vOTU0096","Low-quality","virulent",0,807.512905598961,76.3621552397246,0,0
"vOTU0766","Low-quality","temperate",0,522.2956500632,117.364928458077,0,0
"vOTU0767","Low-quality","virulent",0,1632.10020382636,391.355259075132,0,0
"vOTU0768","Low-quality","virulent",0,587.136459787773,156.542176052443,56.366843171035,183.041802802355
"vOTU0769","Low-quality","virulent",0,816.920979275119,313.41847919138,0,78.5302689002978
"vOTU0770","Low-quality","virulent",0,2011.41147457967,588.60196229354,0,0
"vOTU0771","Low-quality","virulent",0,534.390957258777,235.44088716079,0,0
"vOTU0773","Low-quality","virulent",0,1096.82227447065,0,0,0
"vOTU0775","Low-quality","virulent",0,989.076041110636,472.143329754043,56.6689478749346,0
"vOTU0776","Low-quality","virulent",0,1374.06013670051,196.761571188614,56.6790537378895,26.2936856394926
"vOTU0777","Low-quality","virulent",0,868.167694062523,275.51541195611,0,0
"vOTU0778","Low-quality","virulent",0,572.920458538138,39.3593323933283,113.37838449295,0
"vOTU0779","Low-quality","virulent",0,522.796012963691,78.8455253831703,0,0
"vOTU0780","Low-quality","virulent",0,657.16356117603,0,0,0
"vOTU0781","Low-quality","virulent",0,1121.12808066578,236.875958119421,0,0
"vOTU0782","Low-quality","virulent",0,1444.23509872936,157.97395818254,0,0
"vOTU0783","Low-quality","virulent",0,841.902428783235,316.231428721242,0,0
"vOTU0097","Low-quality","virulent",0,1422.18734909944,359.033231619189,18.4684002789652,0
"vOTU0784","Low-quality","virulent",0,698.938134935628,79.0578571803104,0,0
"vOTU0785","Low-quality","virulent",0,697.298389433076,79.0720349281888,0,0
"vOTU0786","Low-quality","virulent",0,1300.2033033076,79.1288311225142,0,0
"vOTU0787","Low-quality","virulent",0,445.17845239419,237.386610521409,0,0
"vOTU0788","Low-quality","virulent",0,555.005568408675,158.343048242843,0,0
"vOTU0789","Low-quality","virulent",0,1734.26270264014,158.371567754013,0,0
"vOTU0790","Low-quality","virulent",0,979.74152624563,396.071149503753,0,132.319725312545
"vOTU0791","Low-quality","virulent",0,1054.58743683013,475.542006013413,0,0
"vOTU0792","Low-quality","virulent",0,452.97714844454,0,0,0
"vOTU0098","Not-determined","virulent",0,2602.83095546838,1419.58029932519,0,0
"vOTU0794","Low-quality","virulent",0,418.190110472729,0,0,1909.18105432954
"vOTU0795","Low-quality","virulent",0,581.528229606163,79.4142179405356,0,0
"vOTU0796","Low-quality","virulent",0,602.912056437486,79.4285320129129,0,0
"vOTU0798","Low-quality","virulent",0,1289.63305314558,158.914426818849,0,0
"vOTU0799","Low-quality","virulent",0,447.509852055558,79.5433002003662,0,0
"vOTU0800","Not-determined","virulent",0,1025.21146554024,238.759323672176,0,0
"vOTU0801","Low-quality","virulent",0,622.216079189279,398.14803194274,0,0
"vOTU0099","Low-quality","virulent",0,528.756313975216,77.5680072039227,0,0
"vOTU0802","Low-quality","virulent",0,713.268800685931,0,0,0
"vOTU0803","Low-quality","virulent",0,564.264151597653,79.7305120785263,0,0
"vOTU0804","Low-quality","virulent",0,831.717589401047,319.095137826215,0,0
"vOTU0805","Low-quality","virulent",0,1849.32699508732,558.619135433318,0,0
"vOTU0806","Low-quality","virulent",0,1362.94314491542,159.605485524408,0,0
"vOTU0807","Low-quality","virulent",0,587.936642554246,0,0,0
"vOTU0808","Not-determined","virulent",0,359.888221264411,239.40821976633,0,0
"vOTU0809","Low-quality","virulent",0,1053.51279269301,79.8460896926914,143.752717584259,0
"vOTU0100","Low-quality","virulent",0,628.010687121139,78.6484640599696,0,0
"vOTU0810","Low-quality","virulent",0,1355.2629722672,0,0,0
"vOTU0811","Low-quality","virulent",0,671.472823205786,399.955694797238,0,133.617472576976
"vOTU0812","Low-quality","virulent",0,428.599461221506,0,0,0
"vOTU0813","Low-quality","virulent",0,491.193072035306,0,0,0
"vOTU0814","Low-quality","virulent",0,1872.14556627691,320.371859359172,0,240.817641504987
"vOTU0815","Low-quality","virulent",0,1308.53215489522,80.1804681274802,0,0
"vOTU0816","Low-quality","virulent",0,794.930633800526,200.487605171083,0,0
"vOTU0817","Low-quality","virulent",0,590.826815941382,240.585113424878,0,13.3958069515573
"vOTU0818","Low-quality","virulent",0,419.178756234342,80.2389172563539,0,0
"vOTU0819","Low-quality","virulent",0,959.427789568326,722.93989366596,0,80.5067173776661
"vOTU0820","Low-quality","virulent",0,617.353288103672,0,0,0
"vOTU0821","Low-quality","virulent",0,450.534799373977,0,0,0
"vOTU0822","Low-quality","virulent",0,657.075213903985,0,0,0
"vOTU0823","Low-quality","virulent",0,1882.49188031232,241.376379157358,0,26.8797161702793
"vOTU0102","Low-quality","virulent",0,3190.58958522027,1055.68418112638,19.0062452009033,132.256268806623
"vOTU0824","Low-quality","virulent",0,903.854670998921,160.976377465073,115.926910516401,80.6685679949354
"vOTU0826","Low-quality","virulent",0,592.16314632814,201.551969346057,0,0
"vOTU0827","Low-quality","virulent",0,752.628804671845,403.251360857178,0,0
"vOTU0828","Low-quality","virulent",0,735.296536758568,161.448358440869,0,26.9683789405233
"vOTU0829","Low-quality","virulent",0,1027.44114360026,282.586478507659,0,0
"vOTU0830","Low-quality","virulent",0,822.555886210333,605.986807909063,0,0
"vOTU0831","Low-quality","virulent",0,1174.95352433327,606.320398217843,0,607.679515081996
"vOTU0832","Low-quality","virulent",0,3834.19227156739,1617.15192346628,0,162.077614718607
"vOTU0833","Low-quality","virulent",0,1578.30220389909,1011.09062699903,0,0
"vOTU0104","Low-quality","virulent",0,916.9337583847,79.9572665816286,0,0
"vOTU0834","Low-quality","virulent",0,958.150013816839,0,0,0
"vOTU0835","Low-quality","virulent",0,584.681814962853,0,0,0
"vOTU0836","Not-determined","virulent",0,602.081194205952,81.2304308971948,0,0
"vOTU0837","Low-quality","virulent",0,953.845780742011,244.141542690239,0,81.5628966318182
"vOTU0838","Low-quality","virulent",0,695.853458533667,244.141542690239,0,0
"vOTU0839","Low-quality","virulent",0,652.610608719214,244.276866056032,0,0
"vOTU0840","Low-quality","virulent",0,674.674608878287,81.4557923343247,0,0
"vOTU0105","Low-quality","virulent",0,1084.93956638061,0,0,0
"vOTU0841","Low-quality","virulent",0,1441.65634588094,326.547657366055,0,0
"vOTU0842","Low-quality","virulent",0,924.045114576008,1265.37200721301,0,0
"vOTU0844","Not-determined","virulent",0,13565.0501123556,2371.86714074647,58.8999176095562,81.97190013724
"vOTU0845","Low-quality","virulent",0,622.883405491035,0,0,0
"vOTU0846","Low-quality","virulent",0,427.671383435057,0,0,0
"vOTU0848","Low-quality","virulent",0,1216.27624709651,164.095162487781,0,0
"vOTU0850","Low-quality","virulent",0,523.215986078387,164.462706117051,59.2188246113427,0
"vOTU0106","Low-quality","virulent",0,2858.35446756754,26.8522795893498,0,183.901967202107
"vOTU0851","Low-quality","virulent",0,435.420752657989,0,0,0
"vOTU0852","Low-quality","virulent",0,581.103582666712,82.3697650262446,0,0
"vOTU0853","Low-quality","virulent",0,355.113753482517,82.4160408033868,0,0
"vOTU0854","Low-quality","virulent",0,536.132711982659,165.048283741638,0,0
"vOTU0855","Low-quality","virulent",0,573.088236862695,82.5396147014365,0,0
"vOTU0856","Not-determined","virulent",0,530.705346834921,0,0,0
"vOTU0857","Low-quality","virulent",0,742.758118218221,247.66525407588,0,0
"vOTU0858","Low-quality","virulent",0,648.761390460583,82.5550449306479,0,0
"vOTU0859","Low-quality","virulent",0,844.918747502105,165.265018394077,0,0
"vOTU0107","Low-quality","virulent",0,592.015765054183,135.70935583066,0,72.5405679927901
"vOTU0860","Low-quality","virulent",0,1701.686623461,331.400426111783,0,0
"vOTU0861","Low-quality","virulent",0,608.537903343175,0,0,0
"vOTU0862","Low-quality","virulent",0,910.71740368157,497.474807315559,0,69.2486729492593
"vOTU0863","Low-quality","virulent",0,831.591827562626,165.918673065268,0,0
"vOTU0864","Low-quality","virulent",0,1002.36255044223,0,0,0
"vOTU0108","Low-quality","virulent",0,980.779786454647,163.820415370879,0,0
"vOTU0865","Low-quality","virulent",0,1214.03916282188,705.686111275641,0,0
"vOTU0866","Low-quality","virulent",0,361.499444451788,0,0,0
"vOTU0867","Low-quality","virulent",0,432.190133081996,249.253753997805,0,0
"vOTU0868","Low-quality","virulent",0,1136.9104124168,166.420208766397,0,0
"vOTU0869","Low-quality","virulent",0,941.239205054847,124.980553870557,0,139.178507027217
"vOTU0870","Low-quality","virulent",0,789.752299623093,0,0,0
"vOTU0871","Not-determined","virulent",0,391.59609555064,167.051487049147,60.1509818201921,0
"vOTU0873","Low-quality","virulent",0,2035.59305290963,0,0,0
"vOTU0874","Low-quality","virulent",0,3262.03582758262,627.275603758451,0,55.8828157554992
"vOTU0109","Low-quality","virulent",0,6820.29770943508,2405.15055412901,0,1478.46554895169
"vOTU0876","Low-quality","virulent",0,702.07470277654,83.8597385467094,0,0
"vOTU0877","Low-quality","virulent",0,432.890128220376,335.758677738002,0,0
"vOTU0878","Low-quality","virulent",0,734.126426754781,168.199765343362,0,56.1923003647431
"vOTU0879","Low-quality","virulent",0,492.014898205646,0,0,0
"vOTU0880","Low-quality","virulent",0,1624.71103069792,84.1320041317183,30.2938187650299,112.427526448459
"vOTU0881","Low-quality","virulent",0,563.806356454935,252.540867825514,0,0
"vOTU0882","Low-quality","virulent",0,1685.1913776406,1010.93638860902,0,0
"vOTU0250","Low-quality","virulent",0,1179.07641300759,167.130691582968,0,0
"vOTU0883","Low-quality","virulent",0,2039.56101028538,1053.46153797715,0,0
"vOTU0884","Low-quality","virulent",0,739.859579883189,0,0,0
"vOTU0886","Low-quality","virulent",0,595.355656256126,126.584944116876,0,0
"vOTU0887","Low-quality","virulent",0,2039.31006184851,168.844716547332,0,0
"vOTU0888","Low-quality","virulent",0,525.847661004046,0,0,0
"vOTU0889","Low-quality","virulent",0,460.05739374081,84.4546884805917,0,56.4293364872034
"vOTU0890","Low-quality","virulent",0,384.712126925769,84.4708770148278,0,225.760626862996
"vOTU0891","Low-quality","virulent",0,545.217812384046,0,0,0
"vOTU0892","Low-quality","virulent",0,13487.2858176571,2240.62648068678,0,28.2471774222015
"vOTU0893","Low-quality","virulent",0,472.276209751593,253.85080780471,0,0
"vOTU0110","Low-quality","virulent",0,947.516631068115,137.61751540164,0,0
"vOTU0894","Low-quality","virulent",0,2734.58559595907,592.546149555263,0,0
"vOTU0895","Low-quality","virulent",0,1205.94371485205,253.997314039548,0,0
"vOTU0896","Low-quality","virulent",0,777.317768623595,338.858377330873,0,28.3015109532848
"vOTU0897","Low-quality","virulent",0,957.073236498169,85.0581586956509,0,0
"vOTU0899","Low-quality","virulent",0,3563.81630312855,255.27320484509,0,56.8545101915737
"vOTU0900","Low-quality","virulent",0,610.507860556785,255.569399639785,0,0
"vOTU0111","Low-quality","virulent",0,555.671816135487,55.5574008241385,0,0
"vOTU0901","Low-quality","virulent",0,608.723633948458,255.61888543286,0,0
"vOTU0902","Low-quality","virulent",0,502.391244561149,170.478591226664,0,0
"vOTU0903","Low-quality","virulent",0,946.155757109308,170.544610625363,0,0
"vOTU0904","Low-quality","virulent",0,822.891323017785,85.3217974959682,0,0
"vOTU0905","Low-quality","virulent",0,430.49408596739,0,0,1610.49677262308
"vOTU0906","Low-quality","virulent",0,491.639697935274,170.709763495556,0,0
"vOTU0907","Low-quality","virulent",0,449.71659242178,0,0,0
"vOTU0908","Low-quality","virulent",0,507.080576827498,0,0,0
"vOTU0006","Medium-quality","virulent",1,0,0,0,13106.3833143227
"vOTU0101","Low-quality","virulent",0,0,0,0,13570.5667734554
"vOTU0103","Low-quality","virulent",0,0,0,0,15170.2072941889
"vOTU0126","Low-quality","virulent",0,0,0,0,25100.9086360196
"vOTU0146","Low-quality","virulent",0,0,0,0,100478.212942563
"vOTU0169","High-quality","virulent",1,0,0,0,51893.050293719
"vOTU0018","High-quality","temperate",1,0,0,0,162796.683489272
"vOTU0207","Low-quality","virulent",0,0,0,0,8248.48461047149
"vOTU0220","Not-determined","virulent",0,0,115.649318721414,4108.7137485185,59834.5942231922
"vOTU0226","Low-quality","virulent",0,0,0,0,11202.3291627662
"vOTU0231","Low-quality","virulent",0,0,0,0,10524.2375756502
"vOTU0008","High-quality","virulent",1,0,0,0,31734.5129619206
"vOTU0267","Low-quality","virulent",0,0,0,0,6396.42902233896
"vOTU0284","Low-quality","virulent",0,0,0,0,6068.45851771656
"vOTU0312","Low-quality","virulent",0,160.061396470687,0,0,5322.63347129357
"vOTU0318","Low-quality","temperate",0,0,0,0,16736.2428213136
"vOTU0358","Low-quality","virulent",0,0,0,182.852513553302,63246.3991389703
"vOTU0426","Low-quality","virulent",0,0,0,0,10264.7003404715
"vOTU0440","Low-quality","virulent",0,0,0,0,9602.10357758252
"vOTU0441","Low-quality","temperate",0,0,0,0,4254.95055270634
"vOTU0446","Low-quality","virulent",0,0,0,0,12643.1848291406
"vOTU0030","High-quality","virulent",1,0,0,0,14872.3269880229
"vOTU0453","Low-quality","virulent",0,0,0,0,9587.77422189322
"vOTU0009","High-quality","virulent",1,0,0,0,12420.1222373811
"vOTU0516","Low-quality","virulent",0,2.76590573453725,0,0,5432.36435570917
"vOTU0518","Low-quality","virulent",0,0,0,0,6512.15779352613
"vOTU0643","Low-quality","virulent",0,0,0,0,9398.20578268409
"vOTU0664","Low-quality","virulent",0,0,0,0,5218.74151749538
"vOTU0011","High-quality","virulent",1,0,0,0,11946.7805357998
"vOTU0734","Not-determined","temperate",0,0,0,0,5255.89468452983
"vOTU0793","Low-quality","virulent",0,0,0,0,6011.64025758931
"vOTU0797","Low-quality","virulent",0,30.1510376411733,0,0,4007.58820014472
"vOTU0843","Low-quality","virulent",0,0,0,0,5087.41753534991
"vOTU0875","Low-quality","virulent",0,0,0,0,4059.21368264262
"vOTU0898","Low-quality","virulent",0,0,0,0,4476.42761350808
"vOTU0936","Low-quality","virulent",0,0,0,0,9627.0352583731
"vOTU0945","Low-quality","virulent",0,0,0,251.577388670071,100675.157350385
"vOTU0082","Medium-quality","virulent",1,0,0,0,6745.96352891341
"vOTU0085","Low-quality","virulent",0,0,0,365.312357302971,112114.357633581
